"date","q1","q2","q3","id.miller","hh.maize.q6","hh.maize.q6a","hh.maize.q6b","hh.maize.q6c","hh.maize.q6d","hh.maize.q6e","hh.maize.other_q6e","hh.maize.q6f","hh.maize.q6g","hh.maize.q7","hh.maize.q8","hh.maize.q9","hh.maize.q10.a","hh.maize.q10.b","hh.maize.q10.c","hh.maize.q10.d","hh.maize.q10.e","hh.maize.q10.f","hh.maize.q10.g","hh.maize.q10.h","hh.maize.q10.96","hh.maize.other_q10","hh.maize.q11","hh.maize.q11b","hh.maize.q12","hh.maize.q13","hh.maize.q14.1","hh.maize.q14.2","hh.maize.q14.3","hh.maize.q15","hh.maize.q15b","hh.maize.q16a","hh.maize.q16b","hh.maize.q16c","hh.maize.q17a","hh.maize.q17b","hh.maize.q18a","hh.maize.q18b","hh.maize.q18c","hh.maize.q19a","hh.maize.q19b","hh.maize.q19c","hh.maize.q20","hh.maize.q21","hh.maize.q22.a","hh.maize.q22.b","hh.maize.q22.c","hh.maize.q22.96","hh.maize.q23","hh.maize.q23a","hh.maize.q24","hh.maize.q24b","hh.maize.q25.a","hh.maize.q25.b","hh.maize.q25.c","hh.maize.q25.d","hh.maize.q25.e","hh.maize.q25.f","hh.maize.q25.g","hh.maize.q25.h","hh.maize.q25.i","hh.maize.q25.j","hh.maize.q25.k","hh.maize.q25.96","hh.maize.other_q25","hh.maize.q26","hh.maize.q27","hh.maize.q28","hh.maize.other_q28","hh.maize.q29","hh.maize.q30","hh.maize.q31","hh.maize.q32","hh.maize.other_q32","hh.maize.q33","hh.maize.other_q33","hh.maize.q36","hh.maize.q37","hh.maize.q38","hh.maize.q39","hh.maize.q40","vilID","parID","subID","distID"
"7/25/2019","Yes","Yes","n/a","M001","b",0,0,0.1,3,1,"n/a","n/a",75,"Male","a","c",FALSE,TRUE,FALSE,FALSE,FALSE,TRUE,FALSE,FALSE,FALSE,"n/a",70,"Yes","1/1/1998","No",FALSE,TRUE,TRUE,"n/a","70","n/a","20","15",100,0,"n/a","150","100","n/a","n/a","n/a","n/a","400",TRUE,FALSE,FALSE,FALSE,"No","n/a","Yes","200",FALSE,FALSE,FALSE,FALSE,FALSE,FALSE,FALSE,FALSE,FALSE,FALSE,TRUE,FALSE,"n/a",2,1,"a","n/a","No","No","b","a","n/a","a","n/a",4,4,4,5,5,1,4,1,1
"7/25/2019","Yes","Yes","n/a","M002","b",7,0.1,0.5,2,1,"n/a","n/a",59,"Male","b","d",TRUE,TRUE,FALSE,FALSE,TRUE,TRUE,FALSE,FALSE,FALSE,"n/a",85,"Yes","1/1/1986","Yes",FALSE,TRUE,TRUE,"n/a","75","n/a","50","60",100,0,"n/a","200","150","n/a","n/a","n/a","n/a","600",TRUE,TRUE,TRUE,FALSE,"Yes","2","Yes","200",FALSE,FALSE,FALSE,FALSE,FALSE,FALSE,FALSE,FALSE,FALSE,FALSE,TRUE,FALSE,"n/a",2,1,"c","n/a","Yes","No","b","d","n/a","d","n/a",5,4,4,5,5,1,6,1,1
"7/25/2019","Yes","Yes","n/a","M003","b",0.1,0,0.2,3,1,"n/a","n/a",41,"Male","a","d",FALSE,TRUE,FALSE,FALSE,FALSE,TRUE,FALSE,FALSE,FALSE,"n/a",50,"Yes","1/1/2017","No",FALSE,FALSE,TRUE,"n/a","n/a","n/a","n/a","60",100,0,"n/a","n/a","100","n/a","n/a","n/a","n/a","999",TRUE,FALSE,FALSE,FALSE,"No","n/a","No","n/a",FALSE,FALSE,FALSE,FALSE,FALSE,FALSE,FALSE,FALSE,FALSE,FALSE,TRUE,FALSE,"n/a",2,1,"c","n/a","No","No","b","c","n/a","c","n/a",4,4,5,5,4,1,5,1,1
"7/25/2019","No","n/a","Yes","M004","a",999,0.25,999,0,5,"n/a","Yes",21,"Male","e","d",FALSE,TRUE,FALSE,TRUE,TRUE,FALSE,FALSE,FALSE,FALSE,"n/a",75,"Yes","1/1/2018","No",FALSE,FALSE,TRUE,"n/a","n/a","n/a","n/a","60",100,0,"n/a","n/a","100","n/a","n/a","n/a","n/a","999",TRUE,FALSE,FALSE,FALSE,"No","n/a","No","n/a",TRUE,FALSE,FALSE,FALSE,FALSE,FALSE,TRUE,FALSE,FALSE,FALSE,FALSE,FALSE,"n/a",1,1,"c","n/a","No","No","a","c","n/a","c","n/a",5,5,5,5,5,3,3,1,1
"7/25/2019","Yes","Yes","n/a","M005","b",10,3,2,4,1,"n/a","n/a",75,"Male","a","b",FALSE,TRUE,FALSE,TRUE,TRUE,TRUE,FALSE,FALSE,FALSE,"n/a",60,"Yes","1/1/2015","No",FALSE,FALSE,TRUE,"n/a","n/a","n/a","n/a","30",100,0,"n/a","n/a","100","n/a","n/a","n/a","n/a","999",TRUE,FALSE,FALSE,FALSE,"No","n/a","Yes","50",FALSE,FALSE,FALSE,FALSE,FALSE,FALSE,TRUE,FALSE,TRUE,FALSE,FALSE,FALSE,"n/a",1,999,"c","n/a","No","Yes","b","c","n/a","b","n/a",4,3,4,4,4,5,2,1,1
"7/25/2019","Yes","Yes","n/a","M006","a",32,0.3,0.2,4,1,"n/a","n/a",43,"Male","a","b",FALSE,TRUE,FALSE,FALSE,FALSE,TRUE,FALSE,FALSE,FALSE,"n/a",50,"Yes","1/1/2018","Yes",TRUE,TRUE,TRUE,"60","70","90","60","30",100,0,"250","200","150","n/a","n/a","n/a","n/a","50",TRUE,TRUE,TRUE,FALSE,"Yes","5","Yes","70",TRUE,TRUE,FALSE,FALSE,FALSE,FALSE,TRUE,TRUE,TRUE,FALSE,FALSE,FALSE,"n/a",1,1,"c","n/a","Yes","Yes","a","c","n/a","b","n/a",4,3,4,4,4,5,2,1,1
"7/25/2019","Yes","Yes","n/a","M007","b",10,0.1,0.1,4,1,"n/a","n/a",33,"Male","a","b",FALSE,TRUE,FALSE,TRUE,TRUE,TRUE,FALSE,FALSE,FALSE,"n/a",50,"Yes","1/1/2004","No",FALSE,FALSE,TRUE,"n/a","n/a","n/a","n/a","60",100,0,"n/a","n/a","150","n/a","n/a","n/a","n/a","100",TRUE,FALSE,TRUE,FALSE,"Yes","1","Yes","200",TRUE,FALSE,FALSE,FALSE,FALSE,FALSE,FALSE,FALSE,FALSE,FALSE,FALSE,FALSE,"n/a",1,1,"c","n/a","No","No","a","96","Open wall","b","n/a",5,5,4,5,5,5,2,1,1
"7/25/2019","No","n/a","Yes","M008","a",999,0.5,999,3,2,"n/a","Yes",18,"Male","e","b",FALSE,TRUE,FALSE,FALSE,TRUE,FALSE,FALSE,FALSE,FALSE,"n/a",999,"Yes","1/1/2017","No",FALSE,FALSE,TRUE,"n/a","n/a","n/a","n/a","90",100,0,"n/a","n/a","150","n/a","n/a","n/a","n/a","50",TRUE,FALSE,FALSE,FALSE,"Yes","1","No","n/a",TRUE,FALSE,FALSE,FALSE,FALSE,FALSE,FALSE,FALSE,FALSE,FALSE,FALSE,FALSE,"n/a",1,1,"c","n/a","No","Yes","a","c","n/a","b","n/a",4,3,3,4,3,5,2,1,1
"7/25/2019","Yes","Yes","n/a","M009","b",0.1,0.1,1.5,4,1,"n/a","n/a",38,"Male","a","c",FALSE,TRUE,FALSE,FALSE,FALSE,TRUE,FALSE,FALSE,FALSE,"n/a",30,"Yes","1/1/2019","No",FALSE,FALSE,TRUE,"n/a","n/a","n/a","n/a","40",100,0,"n/a","n/a","150","n/a","n/a","n/a","n/a","100",TRUE,FALSE,FALSE,FALSE,"No","n/a","No","n/a",FALSE,FALSE,FALSE,FALSE,FALSE,FALSE,FALSE,FALSE,FALSE,FALSE,TRUE,FALSE,"n/a",1,1,"c","n/a","No","No","b","96","Open space","b","n/a",4,3,5,4,5,2,3,1,1
"7/25/2019","No","n/a","Yes","M010","a",20,0,1,3,2,"n/a","Yes",28,"Male","e","a",FALSE,TRUE,FALSE,TRUE,TRUE,TRUE,FALSE,FALSE,FALSE,"n/a",60,"No","1/1/2018","No",FALSE,FALSE,TRUE,"n/a","n/a","n/a","n/a","10",100,0,"n/a","n/a","150","n/a","n/a","n/a","n/a","999",TRUE,FALSE,FALSE,FALSE,"No","n/a","No","n/a",FALSE,FALSE,FALSE,FALSE,FALSE,FALSE,FALSE,FALSE,FALSE,FALSE,TRUE,FALSE,"n/a",1,999,"c","n/a","No","Yes","b","b","n/a","b","n/a",4,3,4,3,3,3,2,1,1
"7/25/2019","No","n/a","Yes","M011","b",6,0.2,2,3,2,"n/a","Yes",24,"Male","a","c",FALSE,TRUE,FALSE,FALSE,TRUE,FALSE,FALSE,FALSE,FALSE,"n/a",50,"Yes","1/1/2014","No",FALSE,FALSE,TRUE,"n/a","n/a","n/a","n/a","10",100,0,"n/a","n/a","100","n/a","n/a","n/a","n/a","100",TRUE,FALSE,FALSE,FALSE,"No","n/a","Yes","300",FALSE,FALSE,FALSE,FALSE,FALSE,FALSE,FALSE,FALSE,FALSE,FALSE,TRUE,FALSE,"n/a",1,1,"c","n/a","No","No","b","96","Bricks","b","n/a",5,5,5,5,5,1,2,1,1
"7/25/2019","Yes","Yes","n/a","M012","a",6,0.1,0.1,2,1,"n/a","n/a",61,"Male","a","c",FALSE,TRUE,FALSE,FALSE,FALSE,TRUE,FALSE,FALSE,FALSE,"n/a",50,"Yes","1/1/2018","No",FALSE,FALSE,TRUE,"n/a","n/a","n/a","n/a","35",100,0,"n/a","n/a","150","n/a","n/a","n/a","n/a","100",TRUE,FALSE,FALSE,FALSE,"Yes","1","Yes","50",TRUE,FALSE,FALSE,FALSE,FALSE,FALSE,FALSE,FALSE,FALSE,FALSE,FALSE,FALSE,"n/a",1,1,"c","n/a","No","No","b","c","n/a","b","n/a",5,4,3,5,5,2,2,1,1
"7/25/2019","No","n/a","Yes","M013","b",10,0,0.1,3,2,"n/a","Yes",33,"Male","a","c",FALSE,TRUE,FALSE,FALSE,TRUE,FALSE,FALSE,FALSE,FALSE,"n/a",70,"Yes","1/1/2018","No",FALSE,FALSE,TRUE,"n/a","n/a","n/a","n/a","30",100,0,"n/a","n/a","150","n/a","n/a","n/a","n/a","999",TRUE,FALSE,FALSE,FALSE,"No","n/a","Yes","50",TRUE,TRUE,FALSE,FALSE,FALSE,FALSE,FALSE,FALSE,FALSE,FALSE,FALSE,FALSE,"n/a",1,999,"c","n/a","No","No","b","b","n/a","b","n/a",4,2,4,5,5,4,2,1,1
"7/25/2019","Yes","Yes","n/a","M014","b",0.2,0.1,0.4,1,1,"n/a","n/a",60,"Male","a","b",FALSE,TRUE,FALSE,FALSE,TRUE,TRUE,FALSE,TRUE,FALSE,"n/a",40,"No","1/1/2016","No",FALSE,FALSE,TRUE,"n/a","n/a","n/a","n/a","999",1,0,"n/a","n/a","100","n/a","n/a","n/a","n/a","999",TRUE,FALSE,FALSE,FALSE,"No","n/a","Yes","20",TRUE,FALSE,FALSE,FALSE,FALSE,FALSE,FALSE,FALSE,FALSE,FALSE,FALSE,FALSE,"n/a",1,1,"c","n/a","No","No","a","c","n/a","b","n/a",1,5,3,4,4,1,3,1,1
"7/25/2019","No","n/a","Yes","M015","b",999,0.1,0.25,2,96,"Attendant/operator","No",19,"Male","e","b",FALSE,TRUE,FALSE,FALSE,FALSE,FALSE,FALSE,FALSE,FALSE,"n/a",70,"Yes","1/1/2019","No",FALSE,FALSE,TRUE,"n/a","n/a","n/a","n/a","30",100,0,"n/a","n/a","200","n/a","n/a","n/a","n/a","999",TRUE,FALSE,FALSE,FALSE,"No","n/a","Yes","100",TRUE,FALSE,FALSE,FALSE,FALSE,FALSE,TRUE,FALSE,FALSE,FALSE,FALSE,FALSE,"n/a",1,1,"c","n/a","No","Yes","b","b","n/a","b","n/a",5,4,5,5,5,1,1,1,1
"7/23/2019","Yes","Yes","n/a","M016","d",0.4,0.1,0.2,8,1,"n/a","n/a",64,"Male","a","d",FALSE,TRUE,FALSE,TRUE,TRUE,TRUE,FALSE,TRUE,FALSE,"n/a",80,"Yes","1/1/1981","No",TRUE,TRUE,TRUE,"65","85","15","10","10",1,1,"150","150","100","2000","1500","1200","900","600",TRUE,TRUE,FALSE,FALSE,"No","n/a","Yes","100",TRUE,FALSE,FALSE,TRUE,FALSE,FALSE,FALSE,FALSE,FALSE,FALSE,FALSE,FALSE,"n/a",2,1,"a","n/a","Yes","Yes","b","a","n/a","a","n/a",4,4,5,5,5,1,1,2,1
"7/23/2019","No","n/a","Yes","M017","d",0.4,0.1,0.3,9,4,"n/a","Yes",23,"Male","e","d",FALSE,TRUE,TRUE,TRUE,TRUE,TRUE,TRUE,TRUE,FALSE,"n/a",70,"Yes","1/1/2006","No",TRUE,TRUE,TRUE,"50","67","25","20","20",1,0,"150","150","150","n/a","n/a","n/a","n/a","500",TRUE,TRUE,TRUE,FALSE,"No","n/a","Yes","100",TRUE,FALSE,FALSE,TRUE,FALSE,FALSE,FALSE,FALSE,FALSE,FALSE,FALSE,FALSE,"n/a",1,1,"a","n/a","Yes","No","b","a","n/a","a","n/a",4,5,3,4,2,1,2,2,1
"7/24/2019","No","n/a","Yes","M018","b",0,0.1,0.5,2,2,"n/a","Yes",25,"Male","e","d",FALSE,TRUE,FALSE,FALSE,FALSE,TRUE,TRUE,TRUE,FALSE,"n/a",70,"Yes","1/1/2018","No",FALSE,TRUE,TRUE,"n/a","65","n/a","15","12",80,20,"n/a","200","100","2000","1800","1200","900","500",TRUE,TRUE,TRUE,FALSE,"Yes","2","Yes","100",FALSE,TRUE,FALSE,FALSE,FALSE,FALSE,TRUE,FALSE,FALSE,TRUE,FALSE,FALSE,"n/a",1,1,"a","n/a","Yes","Yes","b","a","n/a","a","n/a",5,3,4,4,5,6,3,3,1
"7/24/2019","Yes","Yes","n/a","M019","a",0.5,0.1,1,3,1,"n/a","n/a",48,"Female","a","d",FALSE,FALSE,FALSE,FALSE,FALSE,TRUE,FALSE,FALSE,FALSE,"n/a",100,"No","1/1/2018","No",FALSE,FALSE,TRUE,"n/a","n/a","n/a","n/a","20",100,0,"n/a","n/a","100","n/a","n/a","n/a","n/a","999",TRUE,FALSE,TRUE,FALSE,"No","n/a","No","n/a",TRUE,FALSE,FALSE,FALSE,TRUE,TRUE,TRUE,TRUE,FALSE,TRUE,FALSE,FALSE,"n/a",1,1,"c","n/a","No","Yes","b","b","n/a","b","n/a",2,4,4,3,3,3,3,3,1
"7/24/2019","Yes","Yes","n/a","M020","a",3,0.1,2,2,1,"n/a","n/a",54,"Male","a","d",FALSE,TRUE,FALSE,FALSE,FALSE,TRUE,FALSE,FALSE,FALSE,"n/a",70,"Yes","1/1/2017","No",FALSE,FALSE,TRUE,"n/a","n/a","n/a","n/a","20",100,0,"n/a","n/a","100","n/a","n/a","n/a","n/a","100",TRUE,FALSE,FALSE,FALSE,"Yes","1","Yes","100",FALSE,FALSE,FALSE,FALSE,FALSE,FALSE,FALSE,FALSE,FALSE,FALSE,TRUE,FALSE,"n/a",1,1,"c","n/a","Yes","No","a","b","n/a","b","n/a",4,4,3,5,4,1,2,3,1
"7/24/2019","Yes","Yes","n/a","M021","a",4,0.1,1,3,1,"n/a","n/a",70,"Male","a","c",FALSE,TRUE,FALSE,FALSE,TRUE,TRUE,FALSE,FALSE,FALSE,"n/a",80,"Yes","1/1/2014","No",FALSE,FALSE,TRUE,"n/a","n/a","n/a","n/a","30",100,0,"n/a","n/a","100","n/a","n/a","n/a","n/a","100",TRUE,FALSE,FALSE,FALSE,"No","n/a","Yes","100",FALSE,FALSE,FALSE,TRUE,FALSE,FALSE,FALSE,TRUE,TRUE,FALSE,FALSE,FALSE,"n/a",1,1,"c","n/a","Yes","Yes","b","b","n/a","b","n/a",5,5,5,5,5,3,2,3,1
"7/24/2019","No","n/a","Yes","M022","c",0,0.3,0.4,3,4,"n/a","Yes",27,"Male","a","e",FALSE,TRUE,FALSE,TRUE,TRUE,TRUE,FALSE,FALSE,FALSE,"n/a",90,"Yes","1/1/2015","No",TRUE,TRUE,TRUE,"55","75","20","15","10",100,0,"200","200","100","n/a","n/a","n/a","n/a","300",TRUE,FALSE,TRUE,FALSE,"No","n/a","Yes","100",TRUE,FALSE,FALSE,FALSE,FALSE,FALSE,TRUE,TRUE,TRUE,TRUE,FALSE,FALSE,"n/a",1,1,"a","n/a","Yes","No","b","a","n/a","a","n/a",5,3,4,4,4,4,3,3,1
"7/24/2019","No","n/a","Yes","M023","b",0.1,999,0.25,10,96,"Operator","No",29,"Male","a","b",FALSE,FALSE,FALSE,FALSE,FALSE,TRUE,FALSE,FALSE,FALSE,"n/a",100,"No","1/1/2018","No",FALSE,FALSE,TRUE,"n/a","n/a","n/a","n/a","40",100,0,"n/a","n/a","80","n/a","n/a","n/a","n/a","200",TRUE,FALSE,FALSE,FALSE,"Yes","10","Yes","100",FALSE,FALSE,FALSE,FALSE,FALSE,FALSE,FALSE,FALSE,FALSE,FALSE,TRUE,FALSE,"n/a",1,1,"c","n/a","Yes","No","b","b","n/a","b","n/a",4,3,3,4,4,4,2,3,1
"7/24/2019","Yes","Yes","n/a","M024","a",1,0.1,0.2,5,1,"n/a","n/a",67,"Male","a","c",FALSE,TRUE,FALSE,FALSE,TRUE,TRUE,FALSE,FALSE,FALSE,"n/a",50,"Yes","1/1/2017","No",FALSE,FALSE,TRUE,"n/a","n/a","n/a","n/a","20",100,0,"n/a","n/a","100","n/a","n/a","n/a","n/a","200",FALSE,FALSE,TRUE,FALSE,"Yes","10","Yes","100",FALSE,FALSE,FALSE,FALSE,FALSE,FALSE,FALSE,FALSE,FALSE,FALSE,TRUE,FALSE,"n/a",1,1,"c","n/a","No","No","b","b","n/a","b","n/a",3,3,4,3,2,2,2,3,1
"7/24/2019","Yes","Yes","n/a","M025","b",3.5,0,1,3,1,"n/a","n/a",40,"Male","a","b",FALSE,TRUE,FALSE,FALSE,TRUE,TRUE,FALSE,FALSE,FALSE,"n/a",70,"Yes","1/1/2015","No",FALSE,FALSE,TRUE,"n/a","n/a","n/a","n/a","60",100,0,"n/a","n/a","100","n/a","n/a","n/a","n/a","999",TRUE,FALSE,FALSE,FALSE,"Yes","1","No","n/a",TRUE,FALSE,FALSE,FALSE,FALSE,FALSE,FALSE,FALSE,FALSE,FALSE,FALSE,FALSE,"n/a",1,1,"c","n/a","No","No","b","b","n/a","b","n/a",5,3,3,5,4,2,3,3,1
"7/24/2019","Yes","Yes","n/a","M026","a",0.75,0,0.3,4,1,"n/a","n/a",72,"Male","a","f",FALSE,TRUE,FALSE,TRUE,TRUE,TRUE,FALSE,FALSE,FALSE,"n/a",40,"Yes","1/1/2003","No",FALSE,FALSE,TRUE,"n/a","n/a","n/a","n/a","20",100,0,"n/a","n/a","100","n/a","n/a","n/a","n/a","999",TRUE,FALSE,FALSE,FALSE,"Yes","10","Yes","100",TRUE,FALSE,FALSE,FALSE,FALSE,FALSE,TRUE,FALSE,TRUE,FALSE,FALSE,FALSE,"n/a",1,999,"c","n/a","Yes","Yes","b","b","n/a","b","n/a",5,3,4,4,3,4,3,3,1
"7/24/2019","Yes","Yes","n/a","M027","b",2.5,0.1,0.2,3,1,"n/a","n/a",45,"Male","a","c",FALSE,TRUE,FALSE,FALSE,TRUE,TRUE,FALSE,FALSE,FALSE,"n/a",80,"Yes","1/1/2004","No",FALSE,FALSE,TRUE,"n/a","n/a","n/a","n/a","40",100,0,"n/a","n/a","100","n/a","n/a","n/a","n/a","200",TRUE,TRUE,FALSE,FALSE,"Yes","1","Yes","100",TRUE,FALSE,FALSE,FALSE,FALSE,FALSE,FALSE,FALSE,FALSE,FALSE,FALSE,FALSE,"n/a",1,1,"c","n/a","Yes","No","b","b","n/a","b","n/a",5,4,3,5,5,2,3,3,1
"7/24/2019","Yes","Yes","n/a","M028","a",1.5,0,1.5,5,1,"n/a","n/a",36,"Male","a","e",FALSE,TRUE,TRUE,FALSE,FALSE,TRUE,FALSE,FALSE,FALSE,"n/a",80,"No","1/1/2009","No",FALSE,FALSE,TRUE,"n/a","n/a","n/a","n/a","30",100,0,"n/a","n/a","100","n/a","n/a","n/a","n/a","999",TRUE,FALSE,FALSE,FALSE,"No","n/a","Yes","100",TRUE,TRUE,FALSE,FALSE,FALSE,FALSE,FALSE,FALSE,FALSE,FALSE,FALSE,FALSE,"n/a",1,999,"c","n/a","No","No","b","b","n/a","b","n/a",4,5,4,4,3,5,3,3,1
"7/24/2019","Yes","Yes","n/a","M029","b",0.1,0.1,0.1,4,1,"n/a","n/a",42,"Male","a","c",FALSE,TRUE,FALSE,FALSE,FALSE,TRUE,FALSE,FALSE,FALSE,"n/a",70,"No","1/1/2007","No",FALSE,FALSE,TRUE,"n/a","n/a","n/a","n/a","20",100,0,"n/a","n/a","100","n/a","n/a","n/a","n/a","100",TRUE,FALSE,FALSE,FALSE,"No","n/a","No","n/a",FALSE,FALSE,FALSE,FALSE,FALSE,FALSE,TRUE,TRUE,TRUE,FALSE,FALSE,FALSE,"n/a",1,1,"c","n/a","Yes","Yes","b","96","Bricks and mortar with plaster","a","n/a",5,5,5,5,5,1,1,3,1
"7/24/2019","No","n/a","Yes","M030","b",5,0.1,0.2,3,5,"n/a","No",45,"Female","b","a",FALSE,TRUE,FALSE,FALSE,FALSE,FALSE,FALSE,FALSE,FALSE,"n/a",50,"No","1/1/2017","No",FALSE,FALSE,TRUE,"n/a","n/a","n/a","n/a","20",100,0,"n/a","n/a","100","n/a","n/a","n/a","n/a","999",TRUE,FALSE,FALSE,FALSE,"No","n/a","No","n/a",FALSE,FALSE,FALSE,FALSE,FALSE,FALSE,FALSE,FALSE,FALSE,FALSE,FALSE,TRUE,"Nothing ",1,1,"c","n/a","No","No","b","b","n/a","b","n/a",3,5,5,5,5,1,3,3,1
"7/25/2019","No","n/a","Yes","M031","a",20,0,3,5,2,"n/a","No",27,"Male","a","c",FALSE,TRUE,FALSE,FALSE,FALSE,TRUE,FALSE,FALSE,FALSE,"n/a",95,"Yes","1/1/2015","Yes",FALSE,FALSE,TRUE,"n/a","n/a","n/a","n/a","30",100,0,"n/a","n/a","100","n/a","n/a","n/a","n/a","999",TRUE,FALSE,TRUE,FALSE,"No","n/a","Yes","100",FALSE,FALSE,FALSE,FALSE,TRUE,FALSE,FALSE,FALSE,FALSE,FALSE,FALSE,FALSE,"n/a",3,999,"c","n/a","No","Yes","b","b","n/a","b","n/a",4,5,4,5,5,3,4,4,1
"7/25/2019","No","n/a","Yes","M032","b",3,0.1,0.5,3,96,"Mill  operator.","Yes",28,"Male","a","b",FALSE,TRUE,FALSE,FALSE,TRUE,TRUE,FALSE,FALSE,FALSE,"n/a",60,"Yes","1/1/2018","No",FALSE,FALSE,TRUE,"n/a","n/a","n/a","n/a","60",100,100,"n/a","n/a","150","2000","1800","1000","850","200",TRUE,FALSE,FALSE,FALSE,"No","n/a","No","n/a",FALSE,FALSE,FALSE,FALSE,FALSE,FALSE,FALSE,FALSE,FALSE,FALSE,TRUE,FALSE,"n/a",1,1,"c","n/a","No","No","b","b","n/a","b","n/a",3,3,2,5,5,1,1,4,1
"7/25/2019","No","n/a","Yes","M033","b",1.5,0.1,0.2,10,2,"n/a","No",30,"Male","a","d",FALSE,TRUE,FALSE,FALSE,FALSE,TRUE,FALSE,FALSE,FALSE,"n/a",20,"Yes","1/1/2014","No",FALSE,FALSE,TRUE,"n/a","n/a","n/a","n/a","110",100,0,"n/a","n/a","120","n/a","n/a","n/a","n/a","999",TRUE,FALSE,FALSE,FALSE,"Yes","2","Yes","50",FALSE,FALSE,FALSE,FALSE,FALSE,FALSE,FALSE,FALSE,FALSE,FALSE,TRUE,FALSE,"n/a",1,999,"c","n/a","Yes","Yes","b","b","n/a","b","n/a",1,3,5,3,5,2,3,4,1
"7/25/2019","No","n/a","Yes","M034","b",0.2,0,0.25,10,2,"n/a","No",38,"Male","a","b",FALSE,TRUE,FALSE,FALSE,FALSE,TRUE,FALSE,FALSE,FALSE,"n/a",70,"Yes","1/1/2014","Yes",TRUE,TRUE,TRUE,"65","70","90","60","40",70,30,"200","200","150","2000","1800","1500","100","500",TRUE,FALSE,FALSE,FALSE,"No","n/a","Yes","50",FALSE,FALSE,FALSE,FALSE,FALSE,FALSE,FALSE,FALSE,FALSE,FALSE,TRUE,FALSE,"n/a",2,1,"a","n/a","Yes","Yes","b","a","n/a","a","n/a",3,3,4,4,4,2,1,4,1
"7/25/2019","No","n/a","Yes","M035","b",7,0.5,1,2,2,"n/a","Yes",35,"Male","a","b",FALSE,TRUE,FALSE,FALSE,FALSE,TRUE,FALSE,FALSE,FALSE,"n/a",80,"No","1/1/1998","No",FALSE,FALSE,TRUE,"n/a","n/a","n/a","n/a","30",100,0,"n/a","n/a","100","n/a","n/a","n/a","n/a","999",TRUE,FALSE,FALSE,FALSE,"No","n/a","Yes","10",FALSE,TRUE,FALSE,FALSE,FALSE,FALSE,FALSE,FALSE,FALSE,FALSE,FALSE,FALSE,"n/a",1,999,"c","n/a","Yes","No","b","b","n/a","b","n/a",4,5,5,5,5,1,4,4,1
"7/25/2019","Yes","Yes","n/a","M036","a",6,0.1,0.5,2,1,"n/a","n/a",62,"Male","a","c",FALSE,TRUE,FALSE,FALSE,FALSE,TRUE,FALSE,FALSE,FALSE,"n/a",40,"Yes","1/1/2019","No",FALSE,FALSE,TRUE,"n/a","n/a","n/a","n/a","45",100,0,"n/a","n/a","100","n/a","n/a","n/a","n/a","500",TRUE,FALSE,FALSE,FALSE,"No","n/a","No","n/a",FALSE,FALSE,FALSE,FALSE,FALSE,FALSE,FALSE,FALSE,FALSE,FALSE,TRUE,FALSE,"n/a",1,999,"c","n/a","No","Yes","b","c","n/a","b","n/a",4,5,3,5,5,1,1,4,1
"7/25/2019","No","n/a","Yes","M037","a",5,0.1,1,2,2,"n/a","Yes",25,"Male","e","c",FALSE,TRUE,FALSE,FALSE,TRUE,TRUE,FALSE,FALSE,FALSE,"n/a",70,"Yes","1/1/2015","No",FALSE,FALSE,TRUE,"n/a","n/a","n/a","n/a","30",100,0,"n/a","n/a","100","n/a","n/a","n/a","n/a","999",TRUE,FALSE,TRUE,FALSE,"No","n/a","Yes","100",TRUE,FALSE,FALSE,FALSE,FALSE,FALSE,FALSE,FALSE,FALSE,FALSE,FALSE,FALSE,"n/a",1,999,"c","n/a","No","No","b","b","n/a","c","n/a",5,5,4,5,3,2,4,4,1
"7/25/2019","Yes","Yes","n/a","M038","a",20,0,0.6,3,1,"n/a","n/a",67,"Male","a","b",FALSE,TRUE,FALSE,FALSE,TRUE,TRUE,FALSE,TRUE,FALSE,"n/a",70,"No","1/1/2018","No",FALSE,FALSE,TRUE,"n/a","n/a","n/a","n/a","30",100,0,"n/a","n/a","100","n/a","n/a","n/a","n/a","999",TRUE,FALSE,FALSE,FALSE,"No","n/a","Yes","200",TRUE,FALSE,FALSE,FALSE,FALSE,FALSE,FALSE,FALSE,FALSE,FALSE,FALSE,FALSE,"n/a",1,999,"c","n/a","No","Yes","b","b","n/a","b","n/a",4,4,5,5,5,2,4,4,1
"7/25/2019","Yes","Yes","n/a","M039","b",0.5,0.1,0.5,7,1,"n/a","n/a",43,"Male","a","d",FALSE,FALSE,FALSE,FALSE,FALSE,TRUE,TRUE,TRUE,FALSE,"n/a",80,"Yes","1/1/2015","No",FALSE,TRUE,TRUE,"n/a","65","n/a","14","10",80,20,"n/a","150","120","1800","1400","1000","900","500",TRUE,FALSE,FALSE,FALSE,"Yes","10","Yes","100",TRUE,TRUE,FALSE,FALSE,FALSE,TRUE,FALSE,FALSE,FALSE,FALSE,FALSE,FALSE,"n/a",1,1,"a","n/a","Yes","Yes","b","c","n/a","a","n/a",4,3,5,5,5,2,1,4,1
"7/25/2019","No","n/a","Yes","M040","b",0,0.5,0.5,8,2,"n/a","Yes",26,"Male","a","d",FALSE,TRUE,FALSE,FALSE,FALSE,TRUE,TRUE,FALSE,FALSE,"n/a",50,"Yes","1/1/2018","No",TRUE,TRUE,TRUE,"65","75","20","18","10",100,0,"200","180","180","n/a","n/a","n/a","n/a","500",TRUE,TRUE,TRUE,FALSE,"No","n/a","No","n/a",FALSE,FALSE,FALSE,FALSE,FALSE,FALSE,FALSE,FALSE,FALSE,FALSE,TRUE,FALSE,"n/a",1,1,"a","n/a","No","Yes","b","a","n/a","a","n/a",5,4,5,5,5,1,3,4,1
"7/25/2019","No","n/a","Yes","M041","a",4,2,1,7,96,"Operator","No",19,"Male","e","c",FALSE,TRUE,FALSE,FALSE,FALSE,TRUE,FALSE,FALSE,FALSE,"n/a",70,"Yes","1/1/2019","No",FALSE,FALSE,TRUE,"n/a","n/a","n/a","n/a","60",100,0,"n/a","n/a","150","n/a","n/a","n/a","n/a","200",TRUE,FALSE,TRUE,FALSE,"Yes","3","Yes","100",FALSE,FALSE,FALSE,FALSE,FALSE,FALSE,FALSE,FALSE,FALSE,FALSE,TRUE,FALSE,"n/a",1,999,"c","n/a","No","No","b","c","n/a","b","n/a",5,4,3,5,5,1,2,4,1
"7/24/2019","Yes","Yes","n/a","M042","a",10,0.1,1,1,2,"n/a","Yes",22,"Male","a","d",FALSE,TRUE,FALSE,TRUE,TRUE,TRUE,FALSE,FALSE,FALSE,"n/a",80,"Yes","1/1/2015","No",FALSE,TRUE,TRUE,"n/a","75","n/a","45","40",100,0,"n/a","150","150","n/a","n/a","n/a","n/a","200",TRUE,TRUE,FALSE,FALSE,"No","n/a","Yes","50",FALSE,FALSE,FALSE,FALSE,FALSE,FALSE,FALSE,FALSE,FALSE,FALSE,TRUE,FALSE,"n/a",1,1,"c","n/a","Yes","Yes","b","c","n/a","c","n/a",4,5,4,5,5,1,4,5,1
"7/24/2019","No","n/a","Yes","M043","b",4,0,0.5,2,96,"Operator","No",20,"Male","e","d",FALSE,TRUE,FALSE,FALSE,FALSE,FALSE,FALSE,FALSE,FALSE,"n/a",80,"Yes","1/1/2018","No",FALSE,TRUE,TRUE,"n/a","60","n/a","60","30",100,0,"n/a","170","150","n/a","n/a","n/a","n/a","400",TRUE,TRUE,TRUE,FALSE,"No","n/a","No","n/a",TRUE,FALSE,FALSE,FALSE,FALSE,FALSE,FALSE,FALSE,FALSE,FALSE,FALSE,FALSE,"n/a",1,1,"c","n/a","No","No","b","c","n/a","b","n/a",4,5,5,5,5,3,4,5,1
"7/24/2019","No","n/a","Yes","M044","b",0.2,0.2,0.2,3,2,"n/a","Yes",19,"Male","e","e",FALSE,TRUE,FALSE,TRUE,TRUE,FALSE,TRUE,FALSE,FALSE,"n/a",80,"Yes","1/1/2006","No",TRUE,TRUE,TRUE,"70","80","20","15","10",0,60,"n/a","n/a","n/a","2200","1700","1200","1000","500",TRUE,FALSE,FALSE,FALSE,"No","n/a","Yes","1000",FALSE,FALSE,FALSE,TRUE,FALSE,TRUE,FALSE,FALSE,FALSE,TRUE,FALSE,FALSE,"n/a",2,1,"a","n/a","Yes","Yes","b","a","n/a","a","n/a",4,4,4,4,5,1,2,5,1
"7/24/2019","Yes","Yes","n/a","M045","a",6,0,3,3,1,"n/a","n/a",35,"Male","a","d",FALSE,TRUE,FALSE,FALSE,FALSE,FALSE,FALSE,TRUE,FALSE,"n/a",80,"Yes","1/1/2019","No",FALSE,TRUE,TRUE,"n/a","60","n/a","40","60",100,0,"n/a","150","100","n/a","n/a","n/a","n/a","300",TRUE,TRUE,TRUE,FALSE,"No","n/a","Yes","100",TRUE,FALSE,FALSE,FALSE,FALSE,FALSE,FALSE,FALSE,FALSE,FALSE,FALSE,FALSE,"n/a",1,1,"c","n/a","No","No","b","b","n/a","b","n/a",5,4,5,5,5,1,5,5,1
"7/24/2019","Yes","Yes","n/a","M046","b",4.8,0.2,4.8,1,1,"n/a","n/a",26,"Male","a","b",FALSE,TRUE,FALSE,FALSE,TRUE,TRUE,FALSE,FALSE,FALSE,"n/a",70,"Yes","1/1/2009","No",TRUE,TRUE,TRUE,"60","70","80","40","30",50,50,"150","150","100","2000","1500","1300","750","400",TRUE,FALSE,FALSE,FALSE,"No","n/a","Yes","100",TRUE,FALSE,FALSE,FALSE,FALSE,TRUE,FALSE,FALSE,FALSE,FALSE,FALSE,FALSE,"n/a",1,1,"c","n/a","No","Yes","b","c","n/a","b","n/a",5,4,4,4,5,1,1,5,1
"7/24/2019","No","n/a","Yes","M047","a",12.6,0.1,0.5,3,96,"Supervisor","No",45,"Female","a","b",FALSE,TRUE,FALSE,FALSE,FALSE,FALSE,FALSE,FALSE,FALSE,"n/a",30,"Yes","1/1/2014","No",FALSE,TRUE,TRUE,"n/a","80","n/a","60","90",100,0,"n/a","150","120","n/a","n/a","n/a","n/a","300",TRUE,TRUE,FALSE,FALSE,"Yes","5","Yes","500",TRUE,TRUE,FALSE,FALSE,FALSE,TRUE,FALSE,FALSE,FALSE,FALSE,FALSE,FALSE,"n/a",1,2,"c","n/a","No","No","b","b","n/a","b","n/a",4,5,3,4,5,1,3,5,1
"7/24/2019","No","n/a","Yes","M048","b",7,0.2,1,2,96,"Worker","Yes",23,"Male","a","d",FALSE,TRUE,FALSE,FALSE,FALSE,TRUE,FALSE,FALSE,FALSE,"n/a",40,"Yes","1/1/2017","No",TRUE,TRUE,TRUE,"70","80","40","30","10",100,0,"200","100","50","n/a","n/a","n/a","n/a","120",TRUE,FALSE,TRUE,FALSE,"No","n/a","Yes","80",FALSE,TRUE,FALSE,FALSE,FALSE,FALSE,FALSE,FALSE,FALSE,FALSE,FALSE,FALSE,"n/a",1,1,"c","n/a","No","Yes","b","c","n/a","b","n/a",4,3,4,5,5,2,1,5,1
"7/24/2019","Yes","Yes","n/a","M049","a",15,0,0.6,2,1,"n/a","n/a",30,"Female","a","a",FALSE,TRUE,FALSE,FALSE,FALSE,FALSE,FALSE,FALSE,FALSE,"n/a",50,"Yes","1/1/2016","No",FALSE,TRUE,TRUE,"n/a","70","n/a","40","45",100,0,"n/a","120","100","n/a","n/a","n/a","n/a","300",TRUE,TRUE,FALSE,FALSE,"No","n/a","No","n/a",FALSE,FALSE,FALSE,FALSE,FALSE,FALSE,FALSE,FALSE,FALSE,FALSE,TRUE,FALSE,"n/a",1,1,"c","n/a","No","Yes","b","b","n/a","b","n/a",4,4,4,4,5,2,4,5,1
"7/24/2019","No","n/a","Yes","M050","a",5,0.1,0.1,3,4,"n/a","Yes",20,"Male","a","d",FALSE,TRUE,FALSE,FALSE,TRUE,FALSE,FALSE,FALSE,FALSE,"n/a",70,"Yes","1/1/2012","No",FALSE,TRUE,TRUE,"n/a","80","n/a","60","40",100,0,"n/a","120","115","n/a","n/a","n/a","n/a","300",TRUE,TRUE,FALSE,FALSE,"Yes","2","Yes","20",FALSE,FALSE,FALSE,FALSE,FALSE,FALSE,FALSE,FALSE,FALSE,FALSE,TRUE,FALSE,"n/a",1,1,"c","n/a","Yes","Yes","b","b","n/a","b","n/a",3,3,4,3,5,1,5,5,1
"7/23/2019","Yes","Yes","n/a","M051","b",2,0,0.1,3,1,"n/a","n/a",53,"Male","a","b",FALSE,FALSE,FALSE,FALSE,FALSE,TRUE,FALSE,TRUE,FALSE,"n/a",100,"Yes","1/1/2019","No",TRUE,TRUE,TRUE,"45","60","10","10","10",95,5,"200","180","100","2000","1900","1000","1000","600",TRUE,TRUE,TRUE,FALSE,"Yes","5","Yes","100",FALSE,TRUE,FALSE,FALSE,FALSE,FALSE,TRUE,TRUE,TRUE,TRUE,FALSE,FALSE,"n/a",1,1,"a","n/a","Yes","No","b","a","n/a","a","n/a",5,5,5,5,5,2,4,6,1
"7/23/2019","Yes","Yes","n/a","M052","b",5,0,1,3,1,"n/a","n/a",51,"Male","a","c",FALSE,TRUE,FALSE,FALSE,TRUE,TRUE,FALSE,FALSE,FALSE,"n/a",60,"Yes","1/1/2010","No",TRUE,TRUE,TRUE,"75","30","35","60","45",80,20,"200","100","80","1500","1000","800","600","50",TRUE,FALSE,TRUE,FALSE,"Yes","10","Yes","200",FALSE,FALSE,FALSE,FALSE,FALSE,FALSE,FALSE,FALSE,FALSE,FALSE,TRUE,FALSE,"n/a",1,1,"b","n/a","Yes","No","b","a","n/a","a","n/a",3,3,5,5,5,2,5,6,1
"7/23/2019","Yes","Yes","n/a","M053","a",3.2,0.1,0.5,4,1,"n/a","n/a",56,"Male","a","a",TRUE,TRUE,FALSE,TRUE,FALSE,TRUE,FALSE,TRUE,FALSE,"n/a",30,"Yes","1/1/2002","No",FALSE,TRUE,FALSE,"n/a","100","n/a","90","n/a",100,0,"n/a","100","n/a","n/a","n/a","n/a","n/a","999",TRUE,FALSE,FALSE,FALSE,"No","n/a","No","n/a",FALSE,FALSE,FALSE,FALSE,FALSE,FALSE,FALSE,FALSE,FALSE,FALSE,TRUE,FALSE,"n/a",1,1,"c","n/a","No","No","b","96","Soil","c","n/a",2,2,4,3,4,1,1,6,1
"7/23/2019","No","n/a","Yes","M054","b",2,0,3,2,96,"Son to owner ","Yes",20,"Male","e","d",FALSE,TRUE,FALSE,FALSE,FALSE,TRUE,FALSE,FALSE,FALSE,"n/a",70,"Yes","1/1/2018","No",FALSE,FALSE,TRUE,"n/a","n/a","n/a","n/a","20",100,0,"n/a","n/a","100","n/a","n/a","n/a","n/a","999",TRUE,FALSE,FALSE,FALSE,"No","n/a","No","n/a",FALSE,FALSE,FALSE,FALSE,FALSE,FALSE,FALSE,FALSE,FALSE,FALSE,TRUE,FALSE,"n/a",2,1,"c","n/a","No","No","b","b","n/a","b","n/a",4,4,3,5,4,1,5,6,1
"7/23/2019","Yes","Yes","n/a","M055","b",3,0.2,1.5,1,1,"n/a","n/a",25,"Male","a","b",FALSE,TRUE,FALSE,FALSE,FALSE,FALSE,FALSE,TRUE,FALSE,"n/a",60,"Yes","1/1/2014","No",FALSE,FALSE,TRUE,"n/a","n/a","n/a","n/a","25",100,0,"n/a","n/a","100","n/a","n/a","n/a","n/a","300",TRUE,TRUE,FALSE,FALSE,"No","n/a","Yes","3",FALSE,FALSE,FALSE,TRUE,FALSE,FALSE,FALSE,FALSE,FALSE,FALSE,FALSE,FALSE,"n/a",1,1,"c","n/a","No","No","b","b","n/a","b","n/a",3,3,3,4,4,1,2,6,1
"7/23/2019","No","n/a","Yes","M056","a",8,0.1,0.2,3,2,"n/a","Yes",23,"Male","e","d",FALSE,TRUE,FALSE,FALSE,TRUE,TRUE,FALSE,FALSE,FALSE,"n/a",30,"Yes","1/1/2016","No",FALSE,FALSE,TRUE,"n/a","n/a","n/a","n/a","20",100,0,"n/a","n/a","100","n/a","n/a","n/a","n/a","200",TRUE,FALSE,FALSE,FALSE,"No","n/a","Yes","30",FALSE,FALSE,FALSE,FALSE,FALSE,FALSE,FALSE,FALSE,FALSE,FALSE,TRUE,FALSE,"n/a",1,1,"c","n/a","No","No","a","b","n/a","b","n/a",4,5,5,5,5,3,2,6,1
"7/23/2019","No","n/a","Yes","M057","a",4,0.5,0.5,1,2,"n/a","Yes",17,"Male","e","d",FALSE,TRUE,FALSE,FALSE,TRUE,TRUE,FALSE,FALSE,FALSE,"n/a",10,"Yes","1/1/2018","No",FALSE,FALSE,TRUE,"n/a","n/a","n/a","n/a","20",100,0,"n/a","n/a","100","n/a","n/a","n/a","n/a","200",TRUE,FALSE,FALSE,FALSE,"No","n/a","Yes","30",FALSE,FALSE,FALSE,FALSE,FALSE,FALSE,FALSE,FALSE,FALSE,FALSE,TRUE,FALSE,"n/a",3,1,"c","n/a","No","No","b","b","n/a","b","n/a",3,2,2,4,4,2,2,6,1
"7/23/2019","Yes","Yes","n/a","M058","b",3.2,0.1,0.2,8,1,"n/a","n/a",32,"Male","a","c",FALSE,TRUE,FALSE,FALSE,FALSE,TRUE,FALSE,TRUE,FALSE,"n/a",50,"Yes","1/1/1999","No",FALSE,FALSE,TRUE,"n/a","n/a","n/a","n/a","40",100,0,"n/a","n/a","100","n/a","n/a","n/a","n/a","999",TRUE,FALSE,TRUE,FALSE,"No","n/a","No","n/a",FALSE,FALSE,FALSE,FALSE,FALSE,FALSE,TRUE,FALSE,FALSE,FALSE,FALSE,FALSE,"n/a",1,1,"c","n/a","No","No","b","b","n/a","c","n/a",5,5,5,5,5,1,3,6,1
"7/23/2019","No","n/a","Yes","M059","c",0.1,0.1,1,6,2,"n/a","Yes",50,"Male","a","a",FALSE,TRUE,FALSE,FALSE,TRUE,TRUE,FALSE,TRUE,FALSE,"n/a",40,"No","1/1/2010","No",FALSE,TRUE,TRUE,"n/a","70","n/a","40","25",100,0,"n/a","150","100","n/a","n/a","n/a","n/a","400",TRUE,TRUE,TRUE,FALSE,"Yes","1","Yes","100",TRUE,FALSE,FALSE,FALSE,FALSE,FALSE,FALSE,FALSE,FALSE,FALSE,FALSE,FALSE,"n/a",3,1,"a","n/a","Yes","No","b","d","n/a","b","n/a",4,4,3,4,4,1,4,6,1
"7/23/2019","Yes","Yes","n/a","M060","b",1,0.1,0.3,5,1,"n/a","n/a",48,"Male","a","b",FALSE,TRUE,FALSE,TRUE,FALSE,TRUE,FALSE,TRUE,FALSE,"n/a",60,"Yes","1/1/2000","No",FALSE,FALSE,TRUE,"n/a","n/a","n/a","n/a","45",100,0,"n/a","n/a","80","n/a","n/a","n/a","n/a","999",TRUE,FALSE,TRUE,FALSE,"Yes","1","Yes","100",TRUE,FALSE,FALSE,FALSE,FALSE,FALSE,FALSE,TRUE,TRUE,TRUE,FALSE,FALSE,"n/a",1,1,"c","n/a","Yes","Yes","b","c","n/a","b","n/a",3,5,2,5,5,1,4,6,1
"7/24/2019","Yes","Yes","n/a","M061","b",5.8,0.1,5.8,999,1,"n/a","n/a",43,"Male","a","b",FALSE,TRUE,FALSE,FALSE,TRUE,TRUE,FALSE,TRUE,FALSE,"n/a",50,"Yes","1/1/2018","No",FALSE,FALSE,TRUE,"n/a","n/a","n/a","n/a","60",100,0,"n/a","n/a","100","n/a","n/a","n/a","n/a","100",TRUE,FALSE,FALSE,FALSE,"No","n/a","No","n/a",FALSE,TRUE,FALSE,FALSE,FALSE,FALSE,FALSE,FALSE,FALSE,FALSE,FALSE,FALSE,"n/a",1,1,"c","n/a","No","No","b","c","n/a","b","n/a",2,5,3,2,5,1,1,7,1
"7/24/2019","Yes","Yes","n/a","M062","a",4,0.2,0.5,5,1,"n/a","n/a",75,"Male","a","d",FALSE,TRUE,FALSE,FALSE,FALSE,TRUE,FALSE,FALSE,FALSE,"n/a",30,"Yes","1/1/2019","No",FALSE,FALSE,TRUE,"n/a","n/a","n/a","n/a","100",100,0,"n/a","n/a","100","n/a","n/a","n/a","n/a","100",TRUE,FALSE,TRUE,FALSE,"No","n/a","No","n/a",FALSE,FALSE,FALSE,FALSE,FALSE,FALSE,FALSE,FALSE,FALSE,FALSE,TRUE,FALSE,"n/a",1,1,"c","n/a","No","No","b","b","n/a","b","n/a",4,3,4,3,4,5,1,7,1
"7/24/2019","Yes","Yes","n/a","M063","a",12,0.1,0.2,4,1,"n/a","n/a",58,"Male","a","b",FALSE,TRUE,FALSE,FALSE,FALSE,TRUE,FALSE,FALSE,FALSE,"n/a",50,"Yes","1/1/2016","No",FALSE,FALSE,TRUE,"n/a","n/a","n/a","n/a","60",100,0,"n/a","n/a","100","n/a","n/a","n/a","n/a","100",TRUE,FALSE,TRUE,FALSE,"No","n/a","No","n/a",FALSE,FALSE,FALSE,FALSE,FALSE,FALSE,FALSE,FALSE,FALSE,FALSE,TRUE,FALSE,"n/a",1,1,"c","n/a","No","No","a","c","n/a","b","n/a",3,3,5,4,4,7,1,7,1
"7/24/2019","Yes","Yes","n/a","M064","a",0.25,0.3,0.5,2,1,"n/a","n/a",48,"Male","a","c",FALSE,FALSE,FALSE,FALSE,FALSE,FALSE,FALSE,TRUE,FALSE,"n/a",100,"Yes","1/1/2016","No",FALSE,TRUE,TRUE,"n/a","60","n/a","10","10",100,0,"n/a","200","150","n/a","n/a","n/a","n/a","500",TRUE,FALSE,FALSE,FALSE,"Yes","5","No","n/a",FALSE,FALSE,FALSE,FALSE,FALSE,FALSE,FALSE,FALSE,FALSE,FALSE,TRUE,FALSE,"n/a",1,1,"a","n/a","Yes","No","b","a","n/a","a","n/a",3,3,4,4,5,1,2,7,1
"7/24/2019","Yes","Yes","n/a","M065","b",3,0.2,1,2,1,"n/a","n/a",35,"Female","a","b",FALSE,TRUE,FALSE,FALSE,FALSE,TRUE,FALSE,FALSE,FALSE,"n/a",70,"Yes","1/1/2018","No",FALSE,FALSE,TRUE,"n/a","n/a","n/a","n/a","15",100,0,"n/a","n/a","50","n/a","n/a","n/a","n/a","200",TRUE,TRUE,FALSE,FALSE,"Yes","5","No","n/a",FALSE,FALSE,FALSE,FALSE,FALSE,FALSE,FALSE,FALSE,FALSE,FALSE,TRUE,FALSE,"n/a",1,1,"c","n/a","No","Yes","b","c","n/a","b","n/a",4,5,4,3,4,3,1,7,1
"7/24/2019","No","n/a","Yes","M066","b",0,0,0.2,3,2,"n/a","Yes",19,"Male","a","d",FALSE,TRUE,FALSE,FALSE,FALSE,TRUE,FALSE,FALSE,FALSE,"n/a",70,"Yes","1/1/2018","No",FALSE,TRUE,TRUE,"n/a","80","n/a","10","10",100,0,"n/a","200","150","n/a","n/a","n/a","n/a","500",TRUE,FALSE,TRUE,FALSE,"No","n/a","No","n/a",FALSE,FALSE,FALSE,FALSE,FALSE,FALSE,FALSE,FALSE,FALSE,FALSE,TRUE,FALSE,"n/a",1,1,"a","n/a","No","No","b","a","n/a","a","n/a",4,3,5,5,4,1,3,7,1
"7/24/2019","Yes","Yes","n/a","M067","b",3.5,0,1,1,1,"n/a","n/a",38,"Male","a","d",FALSE,TRUE,FALSE,FALSE,FALSE,TRUE,FALSE,TRUE,FALSE,"n/a",50,"Yes","1/1/2015","Yes",FALSE,TRUE,TRUE,"n/a","90","n/a","35","15",100,0,"n/a","150","100","n/a","n/a","n/a","n/a","300",TRUE,TRUE,TRUE,FALSE,"Yes","1","Yes","50",TRUE,FALSE,FALSE,TRUE,FALSE,FALSE,FALSE,TRUE,TRUE,TRUE,FALSE,FALSE,"n/a",1,1,"c","n/a","Yes","No","b","c","n/a","b","n/a",5,5,3,3,3,6,1,7,1
"7/24/2019","Yes","No","Yes","M068","b",5,0,0.3,1,2,"n/a","No",33,"Male","a","c",FALSE,TRUE,FALSE,FALSE,FALSE,TRUE,FALSE,FALSE,FALSE,"n/a",60,"Yes","1/1/2016","No",FALSE,FALSE,TRUE,"n/a","n/a","n/a","n/a","20",100,0,"n/a","n/a","100","n/a","n/a","n/a","n/a","999",TRUE,FALSE,FALSE,FALSE,"No","n/a","No","n/a",FALSE,FALSE,FALSE,FALSE,FALSE,FALSE,FALSE,FALSE,FALSE,FALSE,TRUE,FALSE,"n/a",1,1,"c","n/a","No","No","b","b","n/a","b","n/a",5,4,4,5,5,2,1,7,1
"7/24/2019","Yes","Yes","n/a","M069","b",5,0.2,0.6,6,1,"n/a","n/a",35,"Male","a","d",FALSE,TRUE,FALSE,FALSE,TRUE,TRUE,FALSE,TRUE,FALSE,"n/a",50,"No","1/1/2015","No",FALSE,FALSE,TRUE,"n/a","n/a","n/a","n/a","10",100,0,"n/a","n/a","100","n/a","n/a","n/a","n/a","200",TRUE,TRUE,FALSE,FALSE,"Yes","200","No","n/a",FALSE,FALSE,FALSE,FALSE,FALSE,FALSE,FALSE,FALSE,FALSE,FALSE,TRUE,FALSE,"n/a",1,1,"c","n/a","No","No","b","b","n/a","c","n/a",3,3,4,3,5,4,1,7,1
"7/24/2019","Yes","Yes","n/a","M070","a",6,0.3,0.25,4,1,"n/a","n/a",36,"Male","a","b",FALSE,TRUE,FALSE,FALSE,TRUE,TRUE,FALSE,TRUE,FALSE,"n/a",50,"Yes","1/1/2013","No",FALSE,FALSE,TRUE,"n/a","n/a","n/a","n/a","50",100,0,"n/a","n/a","100","n/a","n/a","n/a","n/a","200",TRUE,TRUE,FALSE,FALSE,"No","n/a","No","n/a",FALSE,FALSE,FALSE,FALSE,FALSE,FALSE,FALSE,FALSE,FALSE,FALSE,TRUE,FALSE,"n/a",1,1,"c","n/a","No","No","b","c","n/a","b","n/a",2,3,4,4,5,4,1,7,1
"7/24/2019","No","n/a","Yes","M071","a",4,0.3,2,3,2,"n/a","No",18,"Male","e","b",FALSE,TRUE,FALSE,FALSE,FALSE,FALSE,FALSE,TRUE,FALSE,"n/a",70,"Yes","1/1/2017","No",TRUE,TRUE,TRUE,"65","70","90","90","60",100,0,"150","150","100","n/a","n/a","n/a","n/a","400",TRUE,TRUE,FALSE,FALSE,"Yes","1","Yes","100",FALSE,FALSE,FALSE,FALSE,FALSE,FALSE,FALSE,FALSE,FALSE,FALSE,TRUE,FALSE,"n/a",1,1,"c","n/a","Yes","No","a","c","n/a","b","n/a",4,5,5,5,5,1,1,7,1
"7/11/2019","No","n/a","Yes","M072","b",0.1,0.5,2,2,2,"n/a","No",25,"Male","e","f",FALSE,TRUE,FALSE,FALSE,FALSE,TRUE,FALSE,FALSE,FALSE,"n/a",65,"No","1/1/2007","No",TRUE,TRUE,FALSE,"55","99","30","60","999",100,0,"200","200","n/a","n/a","n/a","n/a","n/a","n/a",TRUE,FALSE,FALSE,FALSE,"Yes","10","Yes","100",FALSE,FALSE,FALSE,FALSE,FALSE,FALSE,FALSE,FALSE,FALSE,FALSE,TRUE,FALSE,"n/a",1,2,"a","n/a","Yes","No","b","a","n/a","a","n/a",4,4,4,4,4,2,1,1,2
"7/14/2019","No","n/a","Yes","M073","c",0.1,0.1,0.5,8,2,"n/a","Yes",27,"Male","a","d",FALSE,TRUE,FALSE,FALSE,FALSE,TRUE,TRUE,FALSE,TRUE,"Coffee",55,"No","1/1/1994","No",TRUE,TRUE,TRUE,"60","80","15","15","10",80,20,"200","200","100","2200","1800","1000","800","400",TRUE,TRUE,TRUE,FALSE,"Yes","10","No","n/a",FALSE,FALSE,FALSE,FALSE,FALSE,FALSE,FALSE,FALSE,FALSE,FALSE,TRUE,FALSE,"n/a",5,3,"a","n/a","Yes","Yes","b","a","n/a","a","n/a",4,4,4,4,4,3,1,1,2
"7/12/2019","No","n/a","Yes","M074","b",1.5,0.1,0.1,10,96,"Operator","No",21,"Male","e","b",FALSE,TRUE,FALSE,FALSE,FALSE,TRUE,FALSE,FALSE,FALSE,"n/a",85,"Yes","1/1/1999","No",TRUE,TRUE,FALSE,"65","80","40","30","n/a",100,0,"200","200","n/a","n/a","n/a","n/a","n/a","600",TRUE,FALSE,FALSE,FALSE,"No","n/a","Yes","100",FALSE,FALSE,FALSE,TRUE,FALSE,FALSE,FALSE,TRUE,FALSE,FALSE,FALSE,FALSE,"n/a",1,1,"a","n/a","Yes","No","b","a","n/a","a","n/a",4,3,4,4,4,1,2,1,2
"7/14/2019","Yes","Yes","n/a","M075","b",0,3,0.2,3,2,"n/a","Yes",29,"Female","e","d",FALSE,FALSE,FALSE,TRUE,TRUE,TRUE,TRUE,FALSE,TRUE,"Coffe",80,"Yes","1/1/1996","No",TRUE,TRUE,TRUE,"50","65","30","20","15",70,30,"300","200","150","2500","2000","1500","1000","600",TRUE,TRUE,TRUE,FALSE,"No","n/a","Yes","1000",FALSE,FALSE,FALSE,FALSE,FALSE,FALSE,FALSE,FALSE,FALSE,FALSE,TRUE,FALSE,"n/a",4,2,"a","n/a","Yes","Yes","b","a","n/a","a","n/a",5,4,5,5,5,1,5,1,2
"7/14/2019","Yes","Yes","n/a","M076","c",0.3,0,0.1,7,1,"n/a","n/a",41,"Male","a","d",FALSE,FALSE,FALSE,FALSE,FALSE,TRUE,FALSE,TRUE,FALSE,"n/a",100,"Yes","1/1/1994","No",TRUE,TRUE,FALSE,"65","75","15","15","n/a",50,50,"200","200","n/a","1800","1700","999","800","600",TRUE,FALSE,FALSE,FALSE,"Yes","1000","No","n/a",FALSE,FALSE,FALSE,FALSE,FALSE,FALSE,FALSE,FALSE,FALSE,FALSE,TRUE,FALSE,"n/a",3,3,"a","n/a","Yes","Yes","b","a","n/a","a","n/a",4,5,4,3,4,1,6,1,2
"7/14/2019","No","n/a","Yes","M077","b",3,0,2,1,2,"n/a","Yes",50,"Male","a","b",FALSE,TRUE,FALSE,FALSE,FALSE,FALSE,FALSE,FALSE,FALSE,"n/a",40,"Yes","1/1/2014","No",FALSE,FALSE,TRUE,"n/a","n/a","n/a","n/a","40",100,0,"n/a","n/a","150","n/a","n/a","n/a","n/a","999",TRUE,FALSE,FALSE,FALSE,"Yes","5","No","n/a",FALSE,FALSE,FALSE,FALSE,FALSE,FALSE,FALSE,FALSE,FALSE,FALSE,TRUE,FALSE,"n/a",2,1,"c","n/a","No","No","b","b","n/a","b","n/a",4,4,4,5,5,2,3,1,2
"7/12/2019","No","n/a","Yes","M078","b",1,0.1,0.1,4,96,"Miller  or worker  stayed  for  one and half yrs","No",25,"Male","a","d",FALSE,TRUE,FALSE,TRUE,TRUE,TRUE,FALSE,FALSE,FALSE,"n/a",60,"Yes","1/1/1995","No",TRUE,TRUE,TRUE,"60","70","60","40","25",60,40,"200","180","150","1700","1500","1000","800","600",TRUE,TRUE,TRUE,FALSE,"Yes","5","Yes","200",TRUE,FALSE,TRUE,TRUE,FALSE,FALSE,FALSE,TRUE,FALSE,FALSE,FALSE,FALSE,"n/a",1,1,"a","n/a","Yes","No","b","a","n/a","a","n/a",5,3,5,4,5,4,1,1,2
"7/14/2019","No","n/a","Yes","M079","a",4,0,1,1,2,"n/a","Yes",30,"Male","a","a",FALSE,TRUE,FALSE,FALSE,FALSE,FALSE,FALSE,FALSE,FALSE,"n/a",50,"No","1/1/2014","No",FALSE,FALSE,TRUE,"n/a","n/a","n/a","n/a","40",100,0,"n/a","n/a","150","n/a","n/a","n/a","n/a","400",TRUE,FALSE,FALSE,FALSE,"No","n/a","No","n/a",FALSE,FALSE,FALSE,FALSE,FALSE,FALSE,FALSE,FALSE,FALSE,FALSE,TRUE,FALSE,"n/a",2,1,"c","n/a","No","No","b","b","n/a","b","n/a",4,5,3,4,5,1,3,1,2
"7/12/2019","Yes","Yes","n/a","M080","b",0.5,0.1,0.1,5,1,"n/a","n/a",48,"Male","a","c",FALSE,FALSE,FALSE,FALSE,FALSE,TRUE,FALSE,FALSE,FALSE,"n/a",100,"No","1/1/2013","No",TRUE,TRUE,FALSE,"55","65","28","28","n/a",0,100,"n/a","n/a","n/a","2000","1800","1500","900","400",TRUE,FALSE,FALSE,FALSE,"Yes","100","No","n/a",FALSE,FALSE,FALSE,FALSE,FALSE,FALSE,FALSE,FALSE,FALSE,FALSE,FALSE,TRUE,"Transport  of maize to  the  mill",1,1,"a","n/a","Yes","No","b","a","n/a","a","n/a",5,3,5,3,4,1,2,1,2
"7/14/2019","No","n/a","Yes","M081","b",3,0.1,0.1,2,2,"n/a","Yes",24,"Male","a","d",FALSE,TRUE,FALSE,FALSE,TRUE,TRUE,FALSE,FALSE,FALSE,"n/a",70,"No","1/1/1999","No",TRUE,TRUE,TRUE,"55","65","40","35","30",100,0,"180","160","100","n/a","n/a","n/a","n/a","550",TRUE,FALSE,FALSE,FALSE,"Yes","5","Yes","100",FALSE,FALSE,FALSE,TRUE,FALSE,FALSE,FALSE,FALSE,FALSE,FALSE,FALSE,FALSE,"n/a",1,1,"b","n/a","Yes","Yes","b","a","n/a","a","n/a",5,3,5,5,4,1,1,1,2
"7/12/2019","No","n/a","Yes","M082","b",1,0.1,0.1,2,96,"Worker ie worked  for  a year","No",28,"Male","a","d",FALSE,TRUE,FALSE,FALSE,FALSE,TRUE,TRUE,FALSE,FALSE,"n/a",50,"Yes","1/1/1999","Yes",TRUE,TRUE,FALSE,"50","70","25","15","n/a",100,0,"150","125","n/a","n/a","n/a","n/a","n/a","300",TRUE,FALSE,FALSE,FALSE,"No","n/a","Yes","300",FALSE,FALSE,TRUE,TRUE,FALSE,FALSE,FALSE,FALSE,FALSE,FALSE,FALSE,FALSE,"n/a",1,1,"a","n/a","Yes","No","b","a","n/a","a","n/a",4,3,4,5,4,2,1,1,2
"7/11/2019","No","n/a","Yes","M083","b",4,0,0.2,2,2,"n/a","No",30,"Male","a","e",FALSE,FALSE,FALSE,FALSE,TRUE,TRUE,FALSE,FALSE,TRUE,"Coffee",80,"Yes","1/1/1997","Yes",TRUE,TRUE,TRUE,"50","65","30","20","10",100,0,"160","140","100","n/a","n/a","n/a","n/a","n/a",TRUE,FALSE,FALSE,FALSE,"No","n/a","Yes","100",FALSE,FALSE,FALSE,FALSE,FALSE,FALSE,FALSE,FALSE,FALSE,FALSE,TRUE,FALSE,"n/a",1,1,"a","n/a","Yes","No","b","a","n/a","a","n/a",5,3,5,4,4,1,1,1,2
"7/18/2019","No","n/a","Yes","M084","b",0.2,0.2,0.5,2,2,"n/a","Yes",27,"Male","a","d",TRUE,TRUE,FALSE,TRUE,TRUE,TRUE,TRUE,FALSE,FALSE,"n/a",75,"No","1/1/2013","No",TRUE,TRUE,TRUE,"60","70","30","20","20",100,0,"200","150","130","n/a","n/a","n/a","n/a","200",TRUE,TRUE,FALSE,FALSE,"Yes","5","Yes","100",FALSE,FALSE,FALSE,FALSE,FALSE,FALSE,TRUE,FALSE,FALSE,FALSE,FALSE,TRUE,"Sorting facilities",4,1,"a","n/a","Yes","Yes","b","a","n/a","a","n/a",3,2,5,5,5,2,4,2,2
"7/18/2019","Yes","Yes","n/a","M085","b",1,0,0.1,2,1,"n/a","n/a",36,"Female","a","d",FALSE,FALSE,FALSE,FALSE,FALSE,TRUE,TRUE,FALSE,FALSE,"n/a",80,"Yes","1/1/1995","No",TRUE,TRUE,TRUE,"60","70","25","15","10",100,0,"180","180","150","n/a","n/a","n/a","n/a","500",TRUE,FALSE,FALSE,FALSE,"Yes","5","No","n/a",FALSE,FALSE,FALSE,FALSE,FALSE,TRUE,FALSE,FALSE,FALSE,FALSE,FALSE,FALSE,"n/a",1,1,"b","n/a","Yes","No","b","b","n/a","a","n/a",5,4,5,4,5,1,7,2,2
"7/18/2019","No","n/a","Yes","M086","a",999,0.01,999,4,2,"n/a","Yes",19,"Male","e","b",FALSE,TRUE,FALSE,TRUE,TRUE,TRUE,FALSE,TRUE,FALSE,"n/a",70,"No","1/1/2017","No",TRUE,TRUE,TRUE,"50","70","40","50","60",80,20,"200","150","170","2000","1800","1200","700","400",TRUE,TRUE,FALSE,FALSE,"Yes","1","Yes","100",TRUE,TRUE,FALSE,FALSE,FALSE,FALSE,FALSE,FALSE,FALSE,FALSE,FALSE,FALSE,"n/a",1,1,"c","n/a","No","Yes","b","c","n/a","b","n/a",3,4,4,4,5,1,1,2,2
"7/14/2019","No","n/a","Yes","M087","b",0,0.5,0.3,4,2,"n/a","Yes",29,"Male","a","b",FALSE,TRUE,FALSE,FALSE,FALSE,TRUE,FALSE,FALSE,FALSE,"n/a",70,"Yes","1/1/2005","No",TRUE,TRUE,TRUE,"60","70","20","15","10",70,30,"160","150","140","2200","2000","1500","1000","500",TRUE,TRUE,TRUE,FALSE,"Yes","3","Yes","1000",FALSE,FALSE,FALSE,FALSE,FALSE,FALSE,FALSE,FALSE,FALSE,FALSE,TRUE,FALSE,"n/a",1,1,"a","n/a","Yes","Yes","b","a","n/a","a","n/a",4,4,4,4,5,1,8,2,2
"7/27/2019","No","n/a","Yes","M088","b",8,0.1,0.5,3,96,"OPERATOR","No",39,"Male","a","c",FALSE,FALSE,FALSE,FALSE,FALSE,TRUE,FALSE,FALSE,FALSE,"n/a",100,"Yes","1/1/1999","No",TRUE,TRUE,TRUE,"55","65","25","20","20",70,30,"160","150","100","2000","1800","1500","1000","500",TRUE,FALSE,FALSE,FALSE,"Yes","50","Yes","100",TRUE,FALSE,FALSE,FALSE,FALSE,FALSE,FALSE,FALSE,FALSE,FALSE,FALSE,FALSE,"n/a",1,1,"a","n/a","Yes","No","b","a","n/a","a","n/a",5,1,5,5,5,1,3,2,2
"7/27/2019","Yes","Yes","n/a","M089","a",1,0,1,2,1,"n/a","n/a",73,"Male","a","d",FALSE,TRUE,FALSE,TRUE,TRUE,TRUE,FALSE,FALSE,FALSE,"n/a",65,"Yes","1/1/2018","No",TRUE,TRUE,TRUE,"55","75","25","20","15",100,0,"150","150","100","n/a","n/a","n/a","n/a","350",TRUE,TRUE,TRUE,FALSE,"No","n/a","No","n/a",TRUE,FALSE,FALSE,FALSE,FALSE,FALSE,FALSE,FALSE,FALSE,FALSE,FALSE,FALSE,"n/a",1,1,"c","n/a","Yes","Yes","b","c","n/a","b","n/a",5,5,5,5,5,1,4,2,2
"7/18/2019","Yes","Yes","n/a","M090","c",0,0,0.5,3,1,"n/a","n/a",35,"Male","a","e",FALSE,TRUE,FALSE,FALSE,FALSE,TRUE,TRUE,FALSE,FALSE,"n/a",50,"Yes","1/1/1999","Yes",TRUE,TRUE,TRUE,"30","50","16","13","10",100,0,"200","170","100","n/a","n/a","n/a","n/a","500",TRUE,FALSE,FALSE,FALSE,"Yes","5","Yes","1000",FALSE,TRUE,FALSE,FALSE,FALSE,FALSE,FALSE,TRUE,TRUE,FALSE,FALSE,FALSE,"n/a",2,1,"a","n/a","Yes","No","b","a","n/a","a","n/a",5,4,5,4,5,1,6,2,2
"7/18/2019","No","n/a","Yes","M091","c",0,0.2,0.3,3,5,"n/a","No",40,"Male","a","b",FALSE,FALSE,FALSE,FALSE,FALSE,TRUE,FALSE,FALSE,FALSE,"n/a",100,"Yes","1/1/2015","No",TRUE,TRUE,FALSE,"50","80","20","10","n/a",80,20,"200","180","n/a","2500","2000","1500","1000","500",TRUE,FALSE,FALSE,FALSE,"Yes","5","No","n/a",TRUE,TRUE,FALSE,FALSE,FALSE,FALSE,TRUE,TRUE,TRUE,FALSE,FALSE,FALSE,"n/a",1,1,"a","n/a","Yes","No","b","a","n/a","a","n/a",3,3,5,5,4,1,5,2,2
"7/18/2019","Yes","Yes","n/a","M092","b",0.2,0,0.3,3,1,"n/a","n/a",52,"Male","a","f",FALSE,TRUE,FALSE,FALSE,TRUE,TRUE,TRUE,FALSE,TRUE,"Coffee ",70,"Yes","1/1/1977","Yes",TRUE,TRUE,TRUE,"50","65","25","15","10",90,10,"200","170","100","2200","2000","1500","1100","600",TRUE,FALSE,FALSE,FALSE,"Yes","30","Yes","100",FALSE,TRUE,FALSE,FALSE,FALSE,FALSE,TRUE,TRUE,TRUE,FALSE,FALSE,FALSE,"n/a",3,1,"a","n/a","Yes","Yes","b","a","n/a","a","n/a",5,5,4,4,4,1,5,2,2
"7/27/2019","No","n/a","Yes","M093","c",0,0.1,0.1,5,96,"Helper","Yes",21,"Male","e","d",FALSE,TRUE,FALSE,FALSE,TRUE,TRUE,TRUE,TRUE,FALSE,"n/a",60,"Yes","1/1/1989","No",FALSE,TRUE,TRUE,"n/a","70","n/a","60","40",100,0,"n/a","200","100","n/a","n/a","n/a","n/a","400",TRUE,TRUE,TRUE,FALSE,"Yes","5","Yes","100",TRUE,TRUE,FALSE,TRUE,FALSE,TRUE,TRUE,TRUE,TRUE,FALSE,FALSE,FALSE,"n/a",2,1,"b","n/a","Yes","Yes","b","a","n/a","a","n/a",3,4,4,4,5,1,9,2,2
"7/18/2019","Yes","Yes","n/a","M094","b",5,0,0.1,3,1,"n/a","n/a",40,"Male","a","c",FALSE,FALSE,FALSE,FALSE,FALSE,TRUE,FALSE,TRUE,FALSE,"n/a",80,"Yes","1/1/2008","No",TRUE,TRUE,TRUE,"65","80","80","60","70",80,20,"130","130","100","1600","1300","1200","900","300",TRUE,TRUE,FALSE,FALSE,"No","n/a","Yes","100",FALSE,FALSE,FALSE,TRUE,FALSE,FALSE,TRUE,FALSE,TRUE,FALSE,FALSE,FALSE,"n/a",1,1,"c","n/a","Yes","Yes","b","c","n/a","b","n/a",5,5,5,5,5,1,10,2,2
"7/18/2019","Yes","Yes","n/a","M095","b",4,0,0.1,3,2,"n/a","Yes",21,"Male","a","c",FALSE,FALSE,FALSE,FALSE,FALSE,TRUE,FALSE,TRUE,FALSE,"n/a",100,"Yes","1/1/2017","No",TRUE,TRUE,TRUE,"70","85","60","60","60",90,10,"120","120","120","1300","1200","1100","700","250",TRUE,TRUE,FALSE,FALSE,"No","n/a","Yes","100",FALSE,FALSE,FALSE,TRUE,FALSE,FALSE,TRUE,TRUE,TRUE,TRUE,FALSE,FALSE,"n/a",1,1,"c","n/a","Yes","No","b","96","Bricks and mortar with plaster ","a","n/a",5,5,4,5,5,1,10,2,2
"7/27/2019","Yes","Yes","n/a","M096","b",7,0.1,0.1,4,2,"n/a","Yes",32,"Female","a","d",FALSE,FALSE,FALSE,FALSE,FALSE,TRUE,FALSE,TRUE,FALSE,"n/a",50,"No","1/1/2009","No",TRUE,TRUE,TRUE,"50","65","90","60","120",100,0,"150","150","100","n/a","n/a","n/a","n/a","300",TRUE,TRUE,TRUE,FALSE,"No","n/a","No","n/a",FALSE,FALSE,FALSE,FALSE,FALSE,FALSE,FALSE,FALSE,FALSE,FALSE,TRUE,FALSE,"n/a",2,1,"a","n/a","Yes","Yes","b","a","n/a","a","n/a",4,2,4,4,4,1,2,2,2
"7/18/2019","No","n/a","Yes","M097","b",0.25,0.1,0.3,8,96,"Operator","No",32,"Male","a","d",FALSE,TRUE,FALSE,TRUE,FALSE,TRUE,TRUE,FALSE,FALSE,"n/a",70,"No","1/1/2009","No",TRUE,TRUE,TRUE,"50","66","20","18","10",100,0,"150","150","100","n/a","n/a","n/a","n/a","500",TRUE,TRUE,FALSE,FALSE,"No","n/a","No","n/a",FALSE,FALSE,FALSE,TRUE,FALSE,FALSE,FALSE,FALSE,FALSE,FALSE,FALSE,TRUE,"Transport",1,1,"a","n/a","Yes","No","b","a","n/a","a","n/a",3,3,4,4,4,1,7,2,2
"7/18/2019","No","n/a","Yes","M098","b",0.3,0.1,0.2,1,2,"n/a","No",34,"Male","a","d",FALSE,FALSE,FALSE,FALSE,FALSE,TRUE,TRUE,FALSE,TRUE,"Coffee",40,"No","1/1/2016","No",TRUE,TRUE,TRUE,"55","70","40","30","20",100,0,"200","150","100","n/a","n/a","n/a","n/a","300",TRUE,TRUE,FALSE,FALSE,"Yes","20","Yes","100",FALSE,TRUE,FALSE,TRUE,FALSE,TRUE,FALSE,FALSE,FALSE,FALSE,FALSE,FALSE,"n/a",1,2,"a","n/a","Yes","Yes","b","a","n/a","a","n/a",2,3,4,5,5,2,4,2,2
"7/11/2019","No","n/a","Yes","M099","c",1,0.1,0.1,4,2,"n/a","Yes",23,"Male","e","f",FALSE,TRUE,FALSE,TRUE,FALSE,TRUE,FALSE,TRUE,FALSE,"n/a",85,"Yes","1/1/2017","No",TRUE,TRUE,TRUE,"60","75","30","12","12",100,0,"200","200","200","n/a","n/a","n/a","n/a","n/a",TRUE,FALSE,FALSE,FALSE,"No","n/a","Yes","50",FALSE,FALSE,FALSE,TRUE,FALSE,FALSE,TRUE,FALSE,FALSE,TRUE,FALSE,FALSE,"n/a",1,1,"a","n/a","Yes","Yes","b","a","n/a","a","n/a",4,4,4,3,4,1,5,3,2
"7/11/2019","Yes","Yes","n/a","M100","d",0.25,0.2,0.2,13,1,"n/a","n/a",47,"Male","a","d",FALSE,TRUE,FALSE,FALSE,FALSE,TRUE,TRUE,TRUE,FALSE,"n/a",60,"Yes","1/1/1987","No",TRUE,TRUE,FALSE,"60","70","30","15","10",100,0,"180","160","n/a","n/a","n/a","n/a","n/a","n/a",TRUE,TRUE,FALSE,FALSE,"No","n/a","Yes","100",FALSE,FALSE,FALSE,TRUE,FALSE,FALSE,TRUE,TRUE,TRUE,FALSE,FALSE,FALSE,"n/a",1,2,"a","n/a","Yes","Yes","b","a","n/a","a","n/a",4,3,5,4,3,3,2,3,2
"7/11/2019","Yes","Yes","n/a","M101","c",0.5,0,0.1,16,1,"n/a","n/a",73,"Male","a","f",FALSE,FALSE,FALSE,FALSE,FALSE,TRUE,FALSE,TRUE,TRUE,"Animal feeds",75,"Yes","1/1/1988","No",TRUE,TRUE,TRUE,"55","75","20","15","7",100,0,"200","200","100","n/a","n/a","n/a","n/a","n/a",TRUE,TRUE,TRUE,FALSE,"No","n/a","Yes","2000",FALSE,FALSE,FALSE,FALSE,FALSE,FALSE,FALSE,FALSE,FALSE,FALSE,TRUE,FALSE,"n/a",2,4,"a","n/a","Yes","Yes","b","96","Bricks and mortar with plaster","a","n/a",5,5,5,5,5,1,6,3,2
"7/14/2019","No","n/a","Yes","M102","c",0.3,0,0.1,15,2,"n/a","No",32,"Male","a","d",FALSE,TRUE,FALSE,FALSE,FALSE,TRUE,FALSE,TRUE,FALSE,"n/a",60,"Yes","1/1/2008","No",TRUE,TRUE,FALSE,"55","62","15","15","n/a",50,50,"160","150","n/a","2000","1900","1000","1000","600",TRUE,TRUE,TRUE,FALSE,"Yes","700","No","n/a",TRUE,FALSE,FALSE,TRUE,TRUE,FALSE,FALSE,FALSE,TRUE,FALSE,FALSE,FALSE,"n/a",2,2,"a","n/a","Yes","Yes","b","d","n/a","a","n/a",3,4,5,2,4,1,4,3,2
"7/11/2019","Yes","Yes","n/a","M103","d",0,999,0.1,13,1,"n/a","n/a",32,"Male","a","f",FALSE,TRUE,FALSE,TRUE,FALSE,TRUE,FALSE,TRUE,FALSE,"n/a",35,"No","1/1/2004","No",TRUE,TRUE,TRUE,"55","65","30","25","10",50,50,"180","170","100","1300","1200","1000","1100","300",TRUE,TRUE,TRUE,FALSE,"Yes","100","Yes","100",FALSE,FALSE,FALSE,FALSE,FALSE,TRUE,FALSE,FALSE,FALSE,TRUE,FALSE,FALSE,"n/a",1,1,"a","n/a","Yes","Yes","b","a","n/a","96","Bricks and mortar",5,4,5,5,5,1,3,3,2
"7/14/2019","No","n/a","Yes","M104","d",0.2,2,0.1,5,2,"n/a","No",28,"Male","a","d",FALSE,TRUE,FALSE,FALSE,FALSE,FALSE,FALSE,FALSE,FALSE,"n/a",90,"Yes","1/1/1998","No",TRUE,TRUE,TRUE,"55","70","20","18","15",85,15,"180","170","100","2200","2000","1500","1000","580",TRUE,TRUE,FALSE,FALSE,"Yes","20","Yes","1000",FALSE,FALSE,FALSE,FALSE,FALSE,FALSE,FALSE,FALSE,FALSE,FALSE,TRUE,FALSE,"n/a",2,1,"a","n/a","Yes","No","b","a","n/a","a","n/a",3,4,5,5,5,1,1,3,2
"7/14/2019","No","n/a","Yes","M105","d",0.1,0.1,0.1,15,2,"n/a","No",41,"Male","a","d",FALSE,TRUE,FALSE,FALSE,TRUE,TRUE,FALSE,FALSE,FALSE,"n/a",65,"No","1/1/2010","No",TRUE,TRUE,TRUE,"65","70","30","35","10",100,0,"180","200","180","n/a","n/a","n/a","n/a","999",TRUE,FALSE,FALSE,FALSE,"No","n/a","No","n/a",TRUE,FALSE,FALSE,FALSE,FALSE,FALSE,FALSE,FALSE,FALSE,FALSE,FALSE,FALSE,"n/a",1,1,"a","n/a","Yes","Yes","b","a","n/a","a","n/a",5,4,5,5,5,1,2,3,2
"7/14/2019","No","n/a","Yes","M106","c",0.5,0.1,0.1,12,4,"n/a","Yes",24,"Female","a","f",FALSE,FALSE,FALSE,TRUE,TRUE,TRUE,TRUE,FALSE,FALSE,"n/a",80,"No","1/1/2018","No",TRUE,TRUE,TRUE,"60","80","13","12","10",100,0,"150","150","100","n/a","n/a","n/a","n/a","100",TRUE,FALSE,FALSE,FALSE,"No","n/a","No","n/a",FALSE,TRUE,FALSE,FALSE,FALSE,FALSE,FALSE,FALSE,FALSE,FALSE,FALSE,FALSE,"n/a",2,2,"a","n/a","Yes","Yes","b","a","n/a","a","n/a",3,3,5,5,3,2,2,3,2
"7/27/2019","Yes","Yes","n/a","M107","a",3,1,3,2,1,"n/a","n/a",47,"Male","a","d",FALSE,TRUE,FALSE,FALSE,TRUE,TRUE,FALSE,FALSE,FALSE,"n/a",80,"Yes","1/1/2009","No",TRUE,TRUE,TRUE,"55","65","30","25","15",100,0,"150","150","100","n/a","n/a","n/a","n/a","300",TRUE,TRUE,FALSE,FALSE,"No","n/a","No","n/a",FALSE,FALSE,FALSE,FALSE,FALSE,FALSE,FALSE,FALSE,FALSE,FALSE,TRUE,FALSE,"n/a",1,1,"c","n/a","Yes","Yes","b","c","n/a","b","n/a",4,4,5,5,5,1,1,4,2
"7/11/2019","Yes","Yes","n/a","M108","b",4,0,1,4,1,"n/a","n/a",48,"Male","a","f",FALSE,TRUE,FALSE,FALSE,FALSE,TRUE,TRUE,TRUE,FALSE,"n/a",85,"No","1/1/2012","No",TRUE,TRUE,FALSE,"55","65","20","10","15",100,0,"200","200","n/a","n/a","n/a","n/a","n/a","n/a",TRUE,TRUE,FALSE,FALSE,"No","n/a","Yes","100",FALSE,FALSE,FALSE,TRUE,FALSE,FALSE,TRUE,FALSE,FALSE,FALSE,FALSE,FALSE,"n/a",1,1,"a","n/a","Yes","Yes","b","96","Bricks and mortar with plaster","a","n/a",5,5,5,5,5,1,5,5,2
"7/11/2019","Yes","Yes","n/a","M109","b",3.5,0,0.2,3,1,"n/a","n/a",64,"Male","a","b",FALSE,TRUE,FALSE,TRUE,FALSE,TRUE,TRUE,FALSE,FALSE,"n/a",79,"Yes","1/1/2013","No",TRUE,FALSE,TRUE,"55","n/a","20","15","9",100,0,"250","n/a","200","n/a","n/a","n/a","n/a","n/a",TRUE,FALSE,FALSE,FALSE,"No","n/a","Yes","100",TRUE,TRUE,FALSE,FALSE,FALSE,FALSE,TRUE,TRUE,TRUE,TRUE,FALSE,FALSE,"n/a",3,1,"a","n/a","Yes","No","b","a","n/a","a","n/a",5,4,5,4,5,1,4,1,2
"7/11/2019","No","n/a","Yes","M110","a",2,0,1,3,2,"n/a","No",30,"Male","a","f",FALSE,FALSE,FALSE,FALSE,FALSE,TRUE,FALSE,TRUE,FALSE,"n/a",100,"Yes","1/1/2001","No",TRUE,TRUE,TRUE,"55","62","20","18","13",15,85,"180","180","100","2000","1800","1400","1050","600",TRUE,TRUE,TRUE,FALSE,"Yes","1","Yes","1000",TRUE,TRUE,FALSE,FALSE,FALSE,TRUE,TRUE,TRUE,TRUE,TRUE,FALSE,FALSE,"n/a",1,1,"a","n/a","Yes","No","b","96","Bricks and Mortar","a","n/a",3,4,4,5,3,2,2,5,2
"7/12/2019","No","n/a","Yes","M111","b",1.5,0.5,1,3,2,"n/a","Yes",36,"Male","a","f",FALSE,TRUE,FALSE,TRUE,TRUE,TRUE,FALSE,TRUE,FALSE,"n/a",60,"Yes","1/1/2009","No",TRUE,TRUE,TRUE,"55","68","30","18","40",0,100,"n/a","n/a","n/a","1900","1800","1500","1300","400",TRUE,FALSE,TRUE,FALSE,"Yes","5","Yes","100",FALSE,FALSE,FALSE,FALSE,FALSE,FALSE,TRUE,FALSE,FALSE,FALSE,FALSE,FALSE,"n/a",1,1,"c","n/a","Yes","Yes","b","a","n/a","a","n/a",5,5,4,5,5,1,2,5,2
"7/12/2019","Yes","Yes","n/a","M112","a",4,0,0.2,4,1,"n/a","n/a",35,"Male","a","d",FALSE,FALSE,FALSE,FALSE,FALSE,TRUE,FALSE,FALSE,FALSE,"n/a",100,"No","1/1/2017","No",FALSE,TRUE,FALSE,"n/a","60","n/a","30","n/a",100,0,"n/a","150","n/a","n/a","n/a","n/a","n/a","500",TRUE,TRUE,FALSE,FALSE,"Yes","6000","Yes","4000",FALSE,FALSE,FALSE,FALSE,FALSE,FALSE,FALSE,FALSE,FALSE,FALSE,TRUE,FALSE,"n/a",1,1,"a","n/a","Yes","No","b","a","n/a","a","n/a",5,5,5,5,5,1,4,5,2
"7/14/2019","No","n/a","Yes","M113","a",8,0.1,3,3,96,"He is responsible for running the machine that mills maize","No",30,"Male","a","a",FALSE,FALSE,FALSE,FALSE,FALSE,TRUE,TRUE,FALSE,TRUE,"Coffee",75,"No","1/1/2009","No",TRUE,TRUE,TRUE,"60","70","15","10","10",90,10,"180","180","100","2300","2000","1000","900","300",TRUE,TRUE,TRUE,FALSE,"Yes","2","Yes","1000",FALSE,FALSE,FALSE,FALSE,FALSE,FALSE,FALSE,FALSE,FALSE,FALSE,TRUE,FALSE,"n/a",3,1,"b","n/a","Yes","Yes","b","a","n/a","a","n/a",5,4,3,5,4,1,3,5,2
"7/11/2019","Yes","Yes","n/a","M114","a",2.5,0,1,2,1,"n/a","n/a",35,"Male","a","d",FALSE,TRUE,FALSE,FALSE,FALSE,TRUE,FALSE,TRUE,FALSE,"n/a",30,"Yes","1/1/2017","No",FALSE,TRUE,FALSE,"n/a","65","999","60","999",100,0,"n/a","200","n/a","n/a","n/a","n/a","n/a","n/a",TRUE,TRUE,TRUE,FALSE,"Yes","1000","Yes","30000",FALSE,FALSE,FALSE,FALSE,FALSE,FALSE,FALSE,FALSE,FALSE,FALSE,TRUE,FALSE,"n/a",2,1,"b","n/a","Yes","Yes","b","a","n/a","a","n/a",5,4,4,4,5,1,1,5,2
"7/18/2019","Yes","No","Yes","M115","a",2.5,0.1,3,1,1,"n/a","n/a",65,"Male","a","b",FALSE,TRUE,FALSE,FALSE,FALSE,TRUE,FALSE,FALSE,FALSE,"n/a",40,"Yes","1/1/2018","No",TRUE,TRUE,TRUE,"60","80","30","15","10",100,0,"120","120","100","n/a","n/a","n/a","n/a","200",TRUE,FALSE,FALSE,FALSE,"No","n/a","Yes","100",FALSE,FALSE,FALSE,FALSE,FALSE,FALSE,FALSE,FALSE,FALSE,FALSE,TRUE,FALSE,"n/a",1,1,"c","n/a","No","Yes","b","c","n/a","c","n/a",5,4,5,4,4,1,1,6,2
"7/18/2019","Yes","Yes","n/a","M116","b",1.6,0.2,0.2,2,1,"n/a","n/a",29,"Male","a","d",FALSE,TRUE,FALSE,FALSE,FALSE,FALSE,TRUE,FALSE,FALSE,"n/a",60,"No","1/1/2014","No",FALSE,FALSE,TRUE,"n/a","n/a","n/a","n/a","45",100,0,"n/a","n/a","150","n/a","n/a","n/a","n/a","300",TRUE,FALSE,FALSE,FALSE,"No","n/a","Yes","100",FALSE,FALSE,FALSE,FALSE,FALSE,FALSE,TRUE,FALSE,FALSE,FALSE,FALSE,FALSE,"n/a",1,1,"c","n/a","No","Yes","b","c","n/a","b","n/a",2,4,4,5,3,1,3,6,2
"7/20/2019","Yes","Yes","n/a","M117","b",3,0,3,3,1,"n/a","n/a",37,"Female","a","d",FALSE,TRUE,FALSE,FALSE,TRUE,FALSE,FALSE,FALSE,FALSE,"n/a",70,"Yes","1/1/2010","No",TRUE,TRUE,TRUE,"60","70","40","25","15",100,0,"150","150","100","n/a","n/a","n/a","n/a","400",TRUE,TRUE,FALSE,FALSE,"No","n/a","No","n/a",TRUE,FALSE,FALSE,FALSE,FALSE,FALSE,FALSE,FALSE,FALSE,FALSE,FALSE,FALSE,"n/a",1,1,"c","n/a","Yes","No","b","c","n/a","b","n/a",5,5,5,5,5,2,4,6,2
"7/20/2019","Yes","Yes","n/a","M118","b",0.5,0.5,0.5,5,1,"n/a","n/a",42,"Male","a","d",FALSE,TRUE,FALSE,FALSE,TRUE,TRUE,TRUE,TRUE,FALSE,"n/a",80,"Yes","1/1/1997","No",TRUE,TRUE,TRUE,"55","65","15","12","10",50,50,"170","150","100","2000","1700","1300","950","550",TRUE,TRUE,TRUE,FALSE,"Yes","1","Yes","1000",FALSE,TRUE,FALSE,FALSE,FALSE,FALSE,FALSE,FALSE,FALSE,FALSE,FALSE,FALSE,"n/a",2,2,"a","n/a","Yes","Yes","b","a","n/a","a","n/a",5,4,5,5,5,1,4,6,2
"7/18/2019","No","n/a","Yes","M119","a",2,0.1,0.1,3,2,"n/a","Yes",32,"Male","a","b",FALSE,TRUE,FALSE,FALSE,TRUE,FALSE,FALSE,FALSE,FALSE,"n/a",30,"Yes","1/1/2013","No",FALSE,TRUE,TRUE,"n/a","80","n/a","40","30",100,0,"n/a","150","100","n/a","n/a","n/a","n/a","300",TRUE,TRUE,TRUE,FALSE,"No","n/a","No","n/a",TRUE,FALSE,FALSE,FALSE,FALSE,FALSE,FALSE,FALSE,FALSE,FALSE,FALSE,FALSE,"n/a",1,1,"c","n/a","Yes","Yes","b","c","n/a","b","n/a",4,4,4,4,5,2,5,6,2
"7/20/2019","No","n/a","Yes","M120","b",0.2,0,0.3,5,2,"n/a","No",25,"Female","a","d",FALSE,TRUE,FALSE,FALSE,TRUE,FALSE,TRUE,FALSE,FALSE,"n/a",60,"Yes","1/1/1995","No",TRUE,TRUE,TRUE,"70","80","30","20","35",100,0,"200","150","100","n/a","n/a","n/a","n/a","500",TRUE,TRUE,TRUE,FALSE,"No","n/a","Yes","2000",TRUE,TRUE,FALSE,FALSE,FALSE,FALSE,FALSE,FALSE,FALSE,FALSE,FALSE,FALSE,"n/a",2,1,"a","n/a","Yes","Yes","b","a","n/a","a","n/a",5,4,5,5,5,1,2,6,2
"7/20/2019","No","n/a","Yes","M121","b",0,0.2,0.3,3,2,"n/a","Yes",35,"Male","a","b",FALSE,FALSE,FALSE,FALSE,FALSE,FALSE,TRUE,FALSE,FALSE,"n/a",70,"Yes","1/1/2005","No",TRUE,TRUE,TRUE,"50","80","40","30","20",40,60,"200","200","100","2000","1600","1200","1000","450",TRUE,TRUE,TRUE,FALSE,"Yes","10","Yes","50",TRUE,TRUE,FALSE,FALSE,FALSE,FALSE,FALSE,FALSE,FALSE,FALSE,FALSE,FALSE,"n/a",1,2,"a","n/a","Yes","Yes","b","a","n/a","a","n/a",5,4,5,5,5,1,6,6,2
"7/18/2019","No","n/a","Yes","M122","a",3,0.1,0.3,2,96,"Machine operator","No",19,"Male","e","c",FALSE,TRUE,FALSE,FALSE,FALSE,FALSE,TRUE,FALSE,FALSE,"n/a",60,"Yes","1/1/2017","No",FALSE,TRUE,TRUE,"n/a","70","n/a","20","15",100,0,"n/a","170","100","n/a","n/a","n/a","n/a","300",TRUE,TRUE,FALSE,FALSE,"No","n/a","Yes","30",TRUE,FALSE,FALSE,FALSE,FALSE,FALSE,FALSE,FALSE,FALSE,FALSE,FALSE,FALSE,"n/a",1,1,"c","n/a","No","Yes","b","c","n/a","b","n/a",4,4,4,4,5,3,5,6,2
"7/18/2019","No","n/a","Yes","M123","b",1,0.2,1.5,2,2,"n/a","Yes",22,"Male","e","d",FALSE,TRUE,FALSE,FALSE,TRUE,TRUE,FALSE,FALSE,FALSE,"n/a",70,"Yes","1/1/2015","No",FALSE,TRUE,FALSE,"n/a","60","n/a","35","n/a",100,0,"n/a","200","n/a","n/a","n/a","n/a","n/a","500",TRUE,TRUE,FALSE,FALSE,"Yes","5","No","n/a",FALSE,TRUE,FALSE,FALSE,FALSE,FALSE,FALSE,FALSE,FALSE,TRUE,FALSE,FALSE,"n/a",1,1,"c","n/a","No","Yes","b","a","n/a","a","n/a",5,5,4,1,5,1,5,6,2
"7/18/2019","Yes","Yes","n/a","M124","a",3.4,0.2,1,3,1,"n/a","n/a",46,"Male","a","b",TRUE,TRUE,FALSE,TRUE,TRUE,TRUE,FALSE,TRUE,FALSE,"n/a",40,"Yes","1/1/2008","No",FALSE,TRUE,TRUE,"n/a","90","n/a","30","30",100,0,"n/a","150","150","n/a","n/a","n/a","n/a","300",TRUE,TRUE,FALSE,FALSE,"Yes","3000","No","n/a",FALSE,FALSE,FALSE,FALSE,FALSE,FALSE,FALSE,FALSE,FALSE,FALSE,TRUE,FALSE,"n/a",1,1,"c","n/a","Yes","No","b","a","n/a","a","n/a",5,2,3,4,5,1,8,7,2
"7/18/2019","No","n/a","Yes","M125","b",6,0.1,0.2,2,2,"n/a","Yes",23,"Male","a","b",FALSE,TRUE,FALSE,FALSE,FALSE,TRUE,FALSE,FALSE,FALSE,"n/a",80,"Yes","1/1/2017","No",FALSE,TRUE,TRUE,"n/a","80","n/a","120","10",100,0,"n/a","180","180","n/a","n/a","n/a","n/a","300",TRUE,TRUE,TRUE,FALSE,"No","n/a","Yes","100",FALSE,FALSE,FALSE,FALSE,FALSE,FALSE,FALSE,FALSE,FALSE,FALSE,TRUE,FALSE,"n/a",1,1,"c","n/a","No","No","b","c","n/a","b","n/a",4,4,5,5,4,1,6,7,2
"7/18/2019","Yes","Yes","n/a","M126","b",10,0,0.2,2,1,"n/a","n/a",45,"Male","a","d",FALSE,TRUE,FALSE,FALSE,TRUE,TRUE,FALSE,FALSE,FALSE,"n/a",65,"Yes","1/1/2018","No",FALSE,TRUE,TRUE,"n/a","70","n/a","120","75",100,0,"n/a","150","150","n/a","n/a","n/a","n/a","300",TRUE,TRUE,TRUE,FALSE,"Yes","5","No","n/a",FALSE,FALSE,FALSE,FALSE,FALSE,FALSE,FALSE,FALSE,FALSE,FALSE,TRUE,FALSE,"n/a",1,1,"c","n/a","No","No","b","96","Bricks ","b","n/a",4,2,3,4,5,2,6,7,2
"7/18/2019","Yes","Yes","n/a","M127","b",6,0.1,3,0,1,"n/a","n/a",40,"Male","a","d",FALSE,TRUE,FALSE,FALSE,TRUE,TRUE,TRUE,FALSE,FALSE,"n/a",70,"Yes","1/1/2017","No",FALSE,TRUE,FALSE,"n/a","70","n/a","60","n/a",100,0,"n/a","200","n/a","n/a","n/a","n/a","n/a","300",TRUE,TRUE,TRUE,FALSE,"No","n/a","Yes","100",TRUE,FALSE,FALSE,TRUE,FALSE,FALSE,TRUE,FALSE,FALSE,FALSE,FALSE,FALSE,"n/a",1,1,"c","n/a","No","No","b","96","Open under ironsheet shade","b","n/a",4,5,3,4,4,3,4,7,2
"7/18/2019","No","n/a","Yes","M128","b",6,0,0.2,2,2,"n/a","No",35,"Female","a","c",FALSE,FALSE,FALSE,FALSE,FALSE,TRUE,TRUE,FALSE,FALSE,"n/a",80,"Yes","1/1/2016","Yes",TRUE,TRUE,TRUE,"50","65","30","30","15",80,20,"200","200","200","2500","2000","1000","800","500",TRUE,TRUE,TRUE,FALSE,"No","n/a","Yes","200",FALSE,FALSE,FALSE,TRUE,FALSE,FALSE,TRUE,TRUE,TRUE,FALSE,FALSE,FALSE,"n/a",2,1,"a","n/a","Yes","No","b","a","n/a","a","n/a",4,3,5,5,4,1,4,7,2
"7/18/2019","No","n/a","Yes","M129","b",6,0,999,2,5,"n/a","No",38,"Male","a","b",FALSE,TRUE,FALSE,FALSE,FALSE,TRUE,FALSE,FALSE,FALSE,"n/a",60,"No","1/1/2017","No",FALSE,TRUE,TRUE,"n/a","60","n/a","60","40",100,0,"n/a","200","150","n/a","n/a","n/a","n/a","200",TRUE,FALSE,TRUE,FALSE,"Yes","5","Yes","100",FALSE,FALSE,FALSE,FALSE,FALSE,FALSE,FALSE,FALSE,FALSE,FALSE,TRUE,FALSE,"n/a",3,1,"a","n/a","Yes","No","b","a","n/a","a","n/a",4,4,4,5,4,1,7,7,2
"7/18/2019","No","n/a","Yes","M130","b",6,0,0.5,2,2,"n/a","No",23,"Male","a","d",FALSE,TRUE,FALSE,TRUE,TRUE,TRUE,TRUE,TRUE,FALSE,"n/a",60,"Yes","1/1/2017","No",FALSE,TRUE,TRUE,"n/a","65","n/a","40","35",100,0,"n/a","200","150","n/a","n/a","n/a","n/a","400",TRUE,TRUE,TRUE,FALSE,"Yes","1","Yes","100",FALSE,FALSE,FALSE,FALSE,FALSE,FALSE,TRUE,FALSE,TRUE,TRUE,FALSE,FALSE,"n/a",1,1,"a","n/a","Yes","No","b","96","Bricks and mortar ","a","n/a",3,3,3,4,4,1,1,7,2
"7/18/2019","Yes","Yes","n/a","M131","b",14,0.1,4,4,1,"n/a","n/a",69,"Male","a","a",FALSE,TRUE,FALSE,TRUE,FALSE,TRUE,FALSE,TRUE,FALSE,"n/a",20,"Yes","1/1/2012","No",FALSE,TRUE,TRUE,"n/a","70","n/a","30","15",100,0,"n/a","150","150","n/a","n/a","n/a","n/a","300",TRUE,TRUE,FALSE,FALSE,"Yes","100","No","n/a",FALSE,FALSE,FALSE,FALSE,FALSE,FALSE,FALSE,FALSE,FALSE,FALSE,TRUE,FALSE,"n/a",1,1,"c","n/a","No","No","b","96","Not enclosed","a","n/a",4,3,5,4,5,1,2,7,2
"7/18/2019","Yes","Yes","n/a","M132","b",6,0,0.2,2,1,"n/a","n/a",45,"Male","a","b",FALSE,TRUE,FALSE,FALSE,FALSE,TRUE,FALSE,FALSE,FALSE,"n/a",60,"Yes","1/1/2011","No",FALSE,TRUE,TRUE,"n/a","80","n/a","20","25",100,0,"n/a","200","150","n/a","n/a","n/a","n/a","300",TRUE,TRUE,TRUE,FALSE,"Yes","5","Yes","200",FALSE,FALSE,FALSE,FALSE,FALSE,FALSE,FALSE,FALSE,FALSE,FALSE,TRUE,FALSE,"n/a",1,1,"c","n/a","No","No","b","b","n/a","b","n/a",5,3,4,5,4,1,7,7,2
"7/18/2019","No","n/a","Yes","M133","a",6,0,0.7,2,2,"n/a","Yes",20,"Male","e","c",FALSE,TRUE,FALSE,TRUE,TRUE,TRUE,FALSE,TRUE,FALSE,"n/a",50,"Yes","1/1/2017","No",TRUE,TRUE,TRUE,"65","75","40","40","40",95,5,"150","150","150","1500","1200","1000","800","350",TRUE,TRUE,TRUE,FALSE,"No","n/a","Yes","100",FALSE,FALSE,FALSE,TRUE,FALSE,TRUE,TRUE,TRUE,TRUE,TRUE,FALSE,FALSE,"n/a",1,1,"c","n/a","Yes","No","b","c","n/a","b","n/a",3,5,4,5,5,1,9,7,2
"7/18/2019","No","n/a","Yes","M134","b",7,0,1,3,2,"n/a","Yes",23,"Male","e","e",FALSE,TRUE,FALSE,FALSE,FALSE,TRUE,FALSE,FALSE,FALSE,"n/a",40,"Yes","1/1/2018","No",FALSE,TRUE,TRUE,"n/a","70","n/a","50","25",100,0,"n/a","150","150","n/a","n/a","n/a","n/a","500",TRUE,TRUE,TRUE,FALSE,"Yes","10","No","n/a",FALSE,FALSE,FALSE,FALSE,FALSE,FALSE,FALSE,FALSE,FALSE,FALSE,TRUE,FALSE,"n/a",1,1,"c","n/a","No","No","b","c","n/a","b","n/a",5,4,3,5,4,2,4,7,2
"7/18/2019","No","n/a","Yes","M135","b",20,0.2,0.5,2,2,"n/a","No",23,"Male","a","b",FALSE,TRUE,FALSE,FALSE,FALSE,TRUE,FALSE,FALSE,FALSE,"n/a",50,"Yes","1/1/2007","No",FALSE,TRUE,TRUE,"n/a","70","n/a","60","30",100,0,"n/a","170","170","n/a","n/a","n/a","n/a","300",TRUE,TRUE,FALSE,FALSE,"No","n/a","Yes","100",FALSE,FALSE,FALSE,TRUE,FALSE,FALSE,TRUE,FALSE,FALSE,FALSE,FALSE,FALSE,"n/a",1,1,"c","n/a","No","No","b","c","n/a","b","n/a",4,3,3,4,4,1,5,7,2
"7/18/2019","No","n/a","Yes","M136","b",15,0.2,0.1,5,2,"n/a","Yes",27,"Male","a","f",FALSE,TRUE,FALSE,FALSE,FALSE,TRUE,TRUE,TRUE,TRUE,"Coffee",50,"Yes","1/1/2001","No",TRUE,TRUE,FALSE,"50","65","20","15","n/a",80,20,"200","200","n/a","2200","1800","1000","900","50",TRUE,TRUE,FALSE,FALSE,"Yes","2000","Yes","50",FALSE,FALSE,FALSE,TRUE,FALSE,FALSE,TRUE,TRUE,FALSE,FALSE,FALSE,FALSE,"n/a",3,1,"a","n/a","Yes","No","b","a","n/a","a","n/a",4,3,5,4,4,1,3,7,2
"7/14/2019","No","n/a","Yes","M137","a",10,0.1,0.2,2,2,"n/a","Yes",21,"Male","e","e",FALSE,TRUE,FALSE,FALSE,FALSE,TRUE,FALSE,TRUE,FALSE,"n/a",70,"Yes","1/1/2014","No",FALSE,TRUE,TRUE,"n/a","70","n/a","30","50",100,0,"n/a","200","150","n/a","n/a","n/a","n/a","300",TRUE,FALSE,FALSE,FALSE,"No","n/a","Yes","10",TRUE,FALSE,FALSE,FALSE,FALSE,FALSE,FALSE,FALSE,FALSE,FALSE,FALSE,FALSE,"n/a",1,1,"c","n/a","Yes","Yes","b","c","n/a","b","n/a",3,1,2,5,4,1,3,1,3
"7/14/2019","No","n/a","Yes","M138","b",3,0.2,0.1,2,2,"n/a","No",19,"Male","a","b",FALSE,TRUE,FALSE,FALSE,TRUE,TRUE,FALSE,FALSE,FALSE,"n/a",40,"Yes","1/1/2017","No",FALSE,TRUE,TRUE,"n/a","70","n/a","60","30",100,0,"n/a","200","150","n/a","n/a","n/a","n/a","500",TRUE,TRUE,FALSE,FALSE,"No","n/a","No","n/a",FALSE,TRUE,FALSE,TRUE,FALSE,TRUE,FALSE,FALSE,FALSE,FALSE,FALSE,FALSE,"n/a",1,1,"c","n/a","No","Yes","b","c","n/a","b","n/a",2,5,3,2,5,1,2,1,3
"7/14/2019","No","n/a","Yes","M139","b",2.5,0,1.2,2,5,"n/a","Yes",23,"Male","e","d",FALSE,TRUE,FALSE,FALSE,FALSE,TRUE,FALSE,TRUE,FALSE,"n/a",85,"Yes","1/1/2017","No",TRUE,TRUE,TRUE,"60","70","30","25","15",85,15,"200","200","100","1700","1600","1400","800","500",TRUE,FALSE,TRUE,FALSE,"No","n/a","Yes","70",TRUE,FALSE,FALSE,FALSE,FALSE,TRUE,TRUE,TRUE,TRUE,TRUE,FALSE,FALSE,"n/a",1,1,"b","n/a","Yes","No","b","96","Brick and mortar ","a","n/a",5,5,4,5,5,1,1,1,3
"7/26/2019","Yes","Yes","n/a","M140","b",8,0.1,1.5,7,1,"n/a","n/a",43,"Male","a","b",FALSE,TRUE,FALSE,FALSE,FALSE,TRUE,FALSE,TRUE,FALSE,"n/a",40,"Yes","1/1/2002","No",FALSE,FALSE,TRUE,"n/a","n/a","n/a","n/a","30",100,0,"n/a","n/a","100","n/a","n/a","n/a","n/a","300",TRUE,FALSE,FALSE,FALSE,"No","n/a","Yes","300",TRUE,FALSE,FALSE,FALSE,FALSE,FALSE,TRUE,FALSE,FALSE,TRUE,FALSE,FALSE,"n/a",1,1,"c","n/a","Yes","No","a","96","OPEN AIR","96","GROUND",3,4,5,5,4,1,1,1,4
"7/26/2019","No","n/a","Yes","M141","b",15,0,0.1,4,2,"n/a","No",35,"Male","a","d",FALSE,TRUE,FALSE,FALSE,FALSE,TRUE,FALSE,FALSE,FALSE,"n/a",80,"No","1/1/2018","No",TRUE,TRUE,TRUE,"70","75","25","30","10",100,0,"200","150","100","n/a","n/a","n/a","n/a","250",TRUE,FALSE,FALSE,FALSE,"Yes","5","Yes","100",FALSE,TRUE,FALSE,FALSE,FALSE,FALSE,FALSE,FALSE,FALSE,FALSE,TRUE,FALSE,"n/a",1,1,"a","n/a","Yes","No","b","c","n/a","a","n/a",4,4,5,5,4,1,3,1,4
"7/26/2019","Yes","Yes","n/a","M142","c",19,0.2,0.2,4,1,"n/a","n/a",47,"Male","a","b",FALSE,TRUE,FALSE,FALSE,FALSE,TRUE,FALSE,FALSE,FALSE,"n/a",30,"Yes","1/1/2017","No",FALSE,FALSE,TRUE,"n/a","n/a","n/a","n/a","90",100,0,"n/a","n/a","100","n/a","n/a","n/a","n/a","100",TRUE,FALSE,FALSE,FALSE,"No","n/a","No","n/a",FALSE,FALSE,FALSE,FALSE,FALSE,FALSE,FALSE,FALSE,FALSE,FALSE,TRUE,FALSE,"n/a",1,1,"c","n/a","No","No","b","c","n/a","b","n/a",5,4,3,5,5,1,2,1,4
"7/26/2019","No","n/a","Yes","M143","c",10,0.01,0.1,3,2,"n/a","Yes",45,"Male","a","d",FALSE,TRUE,FALSE,FALSE,FALSE,TRUE,TRUE,FALSE,FALSE,"n/a",20,"Yes","1/1/2009","No",FALSE,TRUE,FALSE,"n/a","60","n/a","15","n/a",100,0,"n/a","200","n/a","n/a","n/a","n/a","n/a","300",TRUE,TRUE,TRUE,FALSE,"Yes","5","Yes","150",FALSE,FALSE,FALSE,FALSE,FALSE,FALSE,FALSE,FALSE,FALSE,FALSE,TRUE,FALSE,"n/a",3,1,"a","n/a","Yes","No","b","b","n/a","a","n/a",3,2,2,4,4,2,3,2,4
"7/26/2019","Yes","Yes","n/a","M144","b",5,0.1,1,2,1,"n/a","n/a",47,"Male","a","b",FALSE,TRUE,FALSE,FALSE,FALSE,TRUE,FALSE,FALSE,FALSE,"n/a",40,"Yes","1/1/2015","No",FALSE,TRUE,TRUE,"n/a","80","n/a","50","45",100,0,"n/a","180","150","n/a","n/a","n/a","n/a","400",TRUE,FALSE,FALSE,FALSE,"No","n/a","No","n/a",FALSE,FALSE,FALSE,FALSE,FALSE,FALSE,FALSE,FALSE,FALSE,FALSE,TRUE,FALSE,"n/a",1,1,"c","n/a","No","No","b","b","n/a","b","n/a",4,3,4,3,4,1,6,2,4
"7/26/2019","No","n/a","Yes","M145","b",10,0,0.1,3,96,"Cashier","Yes",28,"Male","a","c",FALSE,FALSE,FALSE,FALSE,FALSE,TRUE,TRUE,FALSE,FALSE,"n/a",80,"No","1/1/2005","Yes",TRUE,TRUE,TRUE,"55","70","25","20","10",70,30,"200","200","150","2200","2000","1000","900","400",TRUE,FALSE,FALSE,FALSE,"Yes","5","Yes","1000",FALSE,FALSE,FALSE,FALSE,FALSE,FALSE,FALSE,FALSE,FALSE,FALSE,TRUE,FALSE,"n/a",1,1,"b","n/a","Yes","No","b","b","n/a","a","n/a",5,2,5,5,5,1,5,2,4
"7/26/2019","No","n/a","Yes","M146","b",11,0.1,0.5,2,5,"n/a","No",52,"Male","a","c",FALSE,FALSE,FALSE,FALSE,FALSE,TRUE,TRUE,FALSE,FALSE,"n/a",50,"Yes","1/1/2016","No",TRUE,FALSE,TRUE,"65","n/a","20","n/a","10",80,20,"150","n/a","100","1800","1600","1500","800","500",TRUE,TRUE,FALSE,FALSE,"Yes","5","Yes","500",TRUE,FALSE,FALSE,FALSE,FALSE,FALSE,FALSE,FALSE,FALSE,FALSE,FALSE,FALSE,"n/a",1,1,"b","n/a","Yes","Yes","b","a","n/a","a","n/a",5,4,5,5,5,1,4,2,4
"7/26/2019","Yes","Yes","n/a","M147","a",17,0.1,0.2,1,96,"Operator","No",25,"Male","a","d",FALSE,TRUE,FALSE,FALSE,FALSE,FALSE,FALSE,TRUE,FALSE,"n/a",75,"Yes","1/1/2018","No",FALSE,FALSE,TRUE,"n/a","n/a","n/a","n/a","25",100,0,"n/a","n/a","100","n/a","n/a","n/a","n/a","50",TRUE,FALSE,FALSE,FALSE,"No","n/a","Yes","50",FALSE,FALSE,FALSE,TRUE,FALSE,FALSE,FALSE,TRUE,TRUE,FALSE,FALSE,TRUE,"Milling on credit",1,1,"c","n/a","Yes","No","a","96","Mill is in the open  ..... so no walls,  no roof. ","b","n/a",2,5,5,5,5,2,1,2,4
"7/26/2019","Yes","Yes","n/a","M148","a",18,0.1,1,2,1,"n/a","n/a",30,"Male","a","d",FALSE,TRUE,FALSE,FALSE,TRUE,TRUE,FALSE,FALSE,FALSE,"n/a",50,"Yes","1/1/2012","No",FALSE,FALSE,TRUE,"n/a","n/a","n/a","n/a","60",100,0,"n/a","n/a","150","n/a","n/a","n/a","n/a","200",TRUE,FALSE,FALSE,FALSE,"Yes","1","No","n/a",TRUE,FALSE,FALSE,FALSE,FALSE,TRUE,FALSE,FALSE,FALSE,FALSE,FALSE,FALSE,"n/a",1,1,"c","n/a","No","No","a","b","n/a","b","n/a",3,3,4,5,5,1,2,2,4
"7/26/2019","No","n/a","Yes","M149","b",4,0.2,0.25,4,4,"n/a","No",32,"Male","a","d",FALSE,FALSE,FALSE,FALSE,FALSE,TRUE,TRUE,FALSE,FALSE,"n/a",100,"No","1/1/2014","No",FALSE,TRUE,TRUE,"n/a","70","n/a","15","10",100,0,"n/a","150","150","n/a","n/a","n/a","n/a","300",TRUE,FALSE,FALSE,FALSE,"Yes","10","Yes","10",FALSE,FALSE,FALSE,FALSE,FALSE,FALSE,FALSE,FALSE,FALSE,FALSE,TRUE,FALSE,"n/a",1,1,"a","n/a","Yes","Yes","b","a","n/a","a","n/a",3,4,3,4,4,1,3,2,4
"7/26/2019","No","n/a","Yes","M150","a",999,0.1,2,2,96,"Operator","Yes",25,"Male","a","b",FALSE,TRUE,FALSE,FALSE,FALSE,TRUE,FALSE,FALSE,FALSE,"n/a",20,"Yes","1/1/2017","No",FALSE,FALSE,TRUE,"n/a","n/a","n/a","n/a","60",100,0,"n/a","n/a","100","n/a","n/a","n/a","n/a","100",TRUE,FALSE,FALSE,FALSE,"No","n/a","No","n/a",FALSE,FALSE,FALSE,FALSE,FALSE,FALSE,FALSE,FALSE,FALSE,FALSE,TRUE,FALSE,"n/a",1,1,"c","n/a","No","No","b","96","Wood","b","n/a",2,3,4,3,4,1,1,2,4
"7/27/2019","No","n/a","Yes","M151","a",4,0.2,1,5,2,"n/a","Yes",42,"Male","a","b",FALSE,TRUE,FALSE,FALSE,FALSE,TRUE,FALSE,FALSE,FALSE,"n/a",50,"Yes","1/1/2018","No",FALSE,FALSE,TRUE,"n/a","n/a","n/a","n/a","60",100,0,"n/a","n/a","100","n/a","n/a","n/a","n/a","150",TRUE,FALSE,FALSE,FALSE,"No","n/a","No","n/a",FALSE,FALSE,FALSE,FALSE,FALSE,FALSE,FALSE,FALSE,FALSE,FALSE,TRUE,FALSE,"n/a",1,1,"c","n/a","Yes","No","a","b","n/a","b","n/a",3,3,4,2,4,3,8,3,4
"7/27/2019","Yes","Yes","n/a","M152","c",0.1,0.01,0.1,2,1,"n/a","n/a",37,"Male","a","b",FALSE,FALSE,FALSE,FALSE,FALSE,TRUE,FALSE,FALSE,FALSE,"n/a",100,"Yes","1/1/2017","No",TRUE,TRUE,FALSE,"50","75","50","45","n/a",40,60,"150","130","n/a","1800","1700","999","900","400",TRUE,TRUE,FALSE,FALSE,"Yes","1","No","n/a",FALSE,FALSE,FALSE,FALSE,FALSE,FALSE,FALSE,FALSE,FALSE,FALSE,TRUE,FALSE,"n/a",1,1,"a","n/a","Yes","No","b","a","n/a","a","n/a",4,3,4,4,3,1,10,3,4
"7/27/2019","No","n/a","Yes","M153","b",4,0,1,3,2,"n/a","Yes",17,"Male","e","c",FALSE,TRUE,FALSE,FALSE,FALSE,FALSE,FALSE,FALSE,FALSE,"n/a",80,"No","1/1/2015","No",FALSE,TRUE,TRUE,"n/a","70","n/a","60","40",100,0,"n/a","180","180","n/a","n/a","n/a","n/a","200",TRUE,TRUE,TRUE,FALSE,"Yes","5","Yes","50",FALSE,FALSE,FALSE,FALSE,FALSE,FALSE,FALSE,FALSE,FALSE,FALSE,TRUE,FALSE,"n/a",1,1,"c","n/a","No","Yes","b","c","n/a","b","n/a",4,3,2,4,5,1,8,3,4
"7/27/2019","No","n/a","Yes","M154","b",5,0,0.1,2,2,"n/a","Yes",34,"Male","a","d",FALSE,TRUE,FALSE,FALSE,TRUE,TRUE,TRUE,TRUE,FALSE,"n/a",75,"Yes","1/1/2015","No",TRUE,TRUE,TRUE,"50","75","30","20","15",100,0,"200","150","100","n/a","n/a","n/a","n/a","300",TRUE,TRUE,FALSE,FALSE,"No","n/a","Yes","200",FALSE,TRUE,FALSE,TRUE,FALSE,FALSE,TRUE,TRUE,FALSE,FALSE,FALSE,FALSE,"n/a",1,1,"c","n/a","Yes","Yes","b","96","Tree poles ","b","n/a",5,5,5,5,5,1,4,3,4
"7/27/2019","No","n/a","Yes","M155","d",0.3,0.2,0.2,12,2,"n/a","Yes",24,"Male","a","d",FALSE,TRUE,TRUE,FALSE,FALSE,TRUE,TRUE,TRUE,FALSE,"n/a",60,"Yes","1/1/2006","Yes",TRUE,TRUE,TRUE,"60","65","25","25","20",1,1,"150","150","150","2000","1800","1500","1000","500",TRUE,TRUE,TRUE,FALSE,"No","n/a","Yes","100",TRUE,FALSE,FALSE,FALSE,FALSE,FALSE,FALSE,FALSE,FALSE,FALSE,FALSE,FALSE,"n/a",1,1,"a","n/a","Yes","No","b","a","n/a","a","n/a",3,5,5,5,5,1,9,3,4
"7/27/2019","No","n/a","Yes","M156","d",0.3,0,0.2,7,5,"n/a","Yes",21,"Male","e","b",FALSE,TRUE,FALSE,TRUE,TRUE,TRUE,FALSE,TRUE,FALSE,"n/a",60,"Yes","1/1/2016","No",TRUE,TRUE,TRUE,"40","60","999","999","999",1,0,"150","180","200","n/a","n/a","n/a","n/a","500",TRUE,FALSE,FALSE,FALSE,"No","n/a","Yes","70",FALSE,FALSE,FALSE,FALSE,FALSE,FALSE,FALSE,FALSE,FALSE,FALSE,TRUE,FALSE,"n/a",1,1,"a","n/a","Yes","Yes","b","c","n/a","b","n/a",3,4,5,5,4,1,9,3,4
"7/27/2019","No","n/a","Yes","M157","d",0.5,0,0.1,16,2,"n/a","No",27,"Male","e","d",FALSE,FALSE,FALSE,FALSE,FALSE,FALSE,TRUE,FALSE,FALSE,"n/a",75,"No","1/1/2007","No",TRUE,TRUE,TRUE,"50","65","60","60","60",75,25,"200","150","200","2200","1900","1300","900","500",TRUE,TRUE,FALSE,FALSE,"No","n/a","Yes","10000",TRUE,FALSE,FALSE,FALSE,FALSE,FALSE,TRUE,FALSE,FALSE,FALSE,FALSE,FALSE,"n/a",3,1,"a","n/a","Yes","Yes","b","a","n/a","a","n/a",5,5,5,5,5,1,11,3,4
"7/27/2019","No","n/a","Yes","M158","b",4,0,2,0,2,"n/a","Yes",25,"Male","a","d",FALSE,TRUE,FALSE,FALSE,FALSE,TRUE,TRUE,TRUE,FALSE,"n/a",50,"No","1/1/2012","No",TRUE,TRUE,TRUE,"70","85","25","20","15",100,0,"200","200","120","n/a","n/a","n/a","n/a","350",TRUE,TRUE,FALSE,FALSE,"No","n/a","Yes","300",FALSE,FALSE,FALSE,FALSE,FALSE,FALSE,TRUE,TRUE,TRUE,FALSE,FALSE,FALSE,"n/a",1,1,"c","n/a","Yes","Yes","b","c","n/a","b","n/a",5,5,4,5,5,1,5,3,4
"7/27/2019","Yes","Yes","n/a","M159","b",9,0,0.3,3,1,"n/a","n/a",52,"Male","a","b",FALSE,TRUE,FALSE,FALSE,FALSE,TRUE,FALSE,TRUE,FALSE,"n/a",45,"Yes","1/1/2013","No",TRUE,TRUE,TRUE,"70","80","90","60","60",100,0,"200","200","150","n/a","n/a","n/a","n/a","999",TRUE,FALSE,FALSE,FALSE,"Yes","5","No","n/a",TRUE,FALSE,FALSE,FALSE,FALSE,FALSE,FALSE,TRUE,TRUE,TRUE,FALSE,FALSE,"n/a",1,1,"c","n/a","Yes","No","b","c","n/a","b","n/a",3,4,5,3,4,2,8,3,4
"7/27/2019","No","n/a","Yes","M160","d",0.5,0,0.1,18,2,"n/a","Yes",27,"Male","a","f",FALSE,TRUE,FALSE,FALSE,FALSE,FALSE,FALSE,FALSE,FALSE,"n/a",35,"Yes","1/1/2015","No",FALSE,TRUE,TRUE,"n/a","65","n/a","30","30",100,0,"n/a","180","150","n/a","n/a","n/a","n/a","400",TRUE,TRUE,TRUE,FALSE,"No","n/a","Yes","100",TRUE,TRUE,FALSE,FALSE,FALSE,FALSE,TRUE,FALSE,FALSE,FALSE,FALSE,TRUE,"Attend to problems like burials and others",1,1,"a","n/a","Yes","Yes","b","a","n/a","a","n/a",2,3,4,5,5,1,3,3,4
"7/27/2019","Yes","Yes","n/a","M161","a",3,0.3,1,6,1,"n/a","n/a",43,"Male","a","b",FALSE,TRUE,FALSE,FALSE,TRUE,TRUE,FALSE,FALSE,FALSE,"n/a",40,"Yes","1/1/2014","No",FALSE,FALSE,TRUE,"n/a","n/a","n/a","n/a","60",100,0,"n/a","n/a","130","n/a","n/a","n/a","n/a","200",TRUE,FALSE,FALSE,FALSE,"No","n/a","Yes","50",FALSE,FALSE,FALSE,FALSE,FALSE,FALSE,FALSE,FALSE,FALSE,FALSE,TRUE,FALSE,"n/a",1,1,"c","n/a","No","No","b","d","n/a","b","n/a",3,5,4,5,5,1,7,3,4
"7/27/2019","Yes","Yes","n/a","M162","a",5,0,0.5,3,1,"n/a","n/a",30,"Male","a","c",FALSE,TRUE,FALSE,TRUE,TRUE,FALSE,FALSE,TRUE,FALSE,"n/a",40,"Yes","1/1/2016","No",FALSE,FALSE,TRUE,"n/a","n/a","n/a","n/a","30",100,0,"n/a","n/a","100","n/a","n/a","n/a","n/a","999",TRUE,FALSE,TRUE,FALSE,"No","n/a","Yes","100",FALSE,FALSE,FALSE,FALSE,FALSE,FALSE,FALSE,FALSE,FALSE,FALSE,TRUE,FALSE,"n/a",1,999,"c","n/a","No","Yes","b","96","Polls","b","n/a",4,5,3,4,5,2,8,3,4
"7/27/2019","Yes","Yes","n/a","M163","b",5,0.03,0.1,4,1,"n/a","n/a",43,"Male","a","b",FALSE,TRUE,FALSE,FALSE,FALSE,TRUE,FALSE,FALSE,FALSE,"n/a",40,"Yes","1/1/2007","No",TRUE,TRUE,FALSE,"50","75","40","25","n/a",100,0,"200","150","n/a","n/a","n/a","n/a","n/a","200",TRUE,TRUE,FALSE,FALSE,"No","n/a","Yes","100",FALSE,FALSE,FALSE,FALSE,FALSE,FALSE,FALSE,FALSE,FALSE,FALSE,FALSE,TRUE,"Discounts",1,1,"c","n/a","Yes","Yes","b","c","n/a","b","n/a",3,5,2,5,5,1,12,3,4
"7/27/2019","No","n/a","Yes","M164","c",0.1,0.01,0.1,4,2,"n/a","Yes",26,"Male","a","d",FALSE,FALSE,FALSE,FALSE,FALSE,TRUE,FALSE,FALSE,FALSE,"n/a",70,"No","1/1/2017","Yes",TRUE,TRUE,TRUE,"55","60","60","50","40",55,45,"180","150","150","1900","1800","1000","700","300",TRUE,TRUE,TRUE,FALSE,"No","n/a","Yes","100",FALSE,FALSE,FALSE,FALSE,FALSE,FALSE,FALSE,FALSE,FALSE,FALSE,TRUE,FALSE,"n/a",1,1,"a","n/a","Yes","No","b","a","n/a","a","n/a",3,4,5,5,5,1,10,3,4
"7/27/2019","No","n/a","Yes","M165","b",6,0.1,0.3,1,5,"n/a","Yes",22,"Male","e","d",FALSE,TRUE,FALSE,FALSE,TRUE,TRUE,FALSE,TRUE,FALSE,"n/a",75,"Yes","1/1/2014","No",FALSE,TRUE,FALSE,"n/a","75","n/a","60","n/a",1,0,"n/a","170","n/a","n/a","n/a","n/a","n/a","150",TRUE,TRUE,FALSE,FALSE,"No","n/a","Yes","50",TRUE,FALSE,FALSE,FALSE,FALSE,FALSE,FALSE,FALSE,FALSE,FALSE,FALSE,FALSE,"n/a",1,1,"b","n/a","Yes","No","b","c","n/a","b","n/a",2,3,4,4,4,2,12,3,4
"7/27/2019","No","n/a","Yes","M166","b",2,0.1,0.1,16,96,"Operator","Yes",30,"Male","a","b",FALSE,FALSE,FALSE,FALSE,FALSE,TRUE,FALSE,FALSE,FALSE,"n/a",100,"Yes","1/1/2007","No",TRUE,TRUE,FALSE,"40","60","30","30","n/a",50,50,"200","150","n/a","2000","1800","1000","900","500",TRUE,TRUE,FALSE,FALSE,"Yes","10","Yes","100",TRUE,FALSE,FALSE,TRUE,FALSE,FALSE,FALSE,FALSE,FALSE,FALSE,FALSE,FALSE,"n/a",1,1,"a","n/a","Yes","No","b","a","n/a","a","n/a",4,3,5,5,5,1,9,3,4
"7/27/2019","Yes","Yes","n/a","M167","c",0.1,0.01,0.1,6,1,"n/a","n/a",52,"Male","a","c",FALSE,TRUE,FALSE,FALSE,FALSE,TRUE,TRUE,FALSE,FALSE,"n/a",70,"Yes","1/1/1988","No",TRUE,TRUE,FALSE,"50","95","60","15","n/a",55,45,"200","100","n/a","1900","1600","999","900","400",TRUE,FALSE,FALSE,FALSE,"No","n/a","Yes","1000",FALSE,FALSE,FALSE,FALSE,FALSE,FALSE,FALSE,FALSE,FALSE,FALSE,TRUE,FALSE,"n/a",1,1,"a","n/a","Yes","Yes","b","a","n/a","a","n/a",4,3,5,5,5,1,2,3,4
"7/27/2019","Yes","Yes","n/a","M168","c",0.3,0.01,0.1,1,1,"n/a","n/a",55,"Male","a","c",FALSE,TRUE,FALSE,FALSE,TRUE,FALSE,TRUE,FALSE,FALSE,"n/a",20,"No","1/1/2014","Yes",FALSE,TRUE,FALSE,"n/a","80","n/a","30","n/a",100,0,"n/a","200","n/a","n/a","n/a","n/a","n/a","400",TRUE,TRUE,TRUE,FALSE,"Yes","10","No","n/a",FALSE,FALSE,FALSE,FALSE,FALSE,FALSE,FALSE,FALSE,FALSE,FALSE,TRUE,FALSE,"n/a",1,1,"a","n/a","No","No","b","a","n/a","a","n/a",3,3,4,3,4,1,6,3,4
"7/27/2019","No","n/a","Yes","M169","b",0.1,0.1,0.2,5,96,"Operator","No",50,"Male","a","b",FALSE,FALSE,FALSE,FALSE,FALSE,TRUE,TRUE,FALSE,FALSE,"n/a",50,"No","1/1/1979","No",TRUE,TRUE,TRUE,"70","65","30","40","30",100,0,"200","170","100","n/a","n/a","n/a","n/a","300",TRUE,TRUE,FALSE,FALSE,"Yes","10","Yes","100",TRUE,FALSE,FALSE,FALSE,FALSE,FALSE,TRUE,FALSE,FALSE,FALSE,FALSE,FALSE,"n/a",2,1,"a","n/a","Yes","No","b","a","n/a","a","n/a",5,3,4,4,5,1,1,3,4
"7/27/2019","Yes","Yes","n/a","M170","b",6,0.1,0.5,2,1,"n/a","n/a",48,"Male","a","b",FALSE,FALSE,TRUE,FALSE,FALSE,TRUE,TRUE,FALSE,FALSE,"n/a",50,"Yes","1/1/2014","No",FALSE,TRUE,TRUE,"n/a","85","n/a","40","25",100,0,"n/a","200","100","n/a","n/a","n/a","n/a","300",TRUE,TRUE,FALSE,FALSE,"Yes","3","Yes","100",FALSE,FALSE,FALSE,TRUE,FALSE,FALSE,FALSE,FALSE,FALSE,FALSE,FALSE,FALSE,"n/a",1,1,"c","n/a","Yes","No","b","b","n/a","96","Open space",5,4,3,5,5,2,4,3,4
"7/27/2019","Yes","Yes","n/a","M171","d",0.2,0.2,999,999,1,"n/a","n/a",56,"Male","a","d",FALSE,FALSE,FALSE,FALSE,FALSE,TRUE,FALSE,TRUE,FALSE,"n/a",100,"Yes","1/1/1962","No",TRUE,TRUE,TRUE,"50","93","15","15","10",50,50,"150","150","100","1800","1400","1300","1000","500",TRUE,FALSE,FALSE,FALSE,"Yes","5","Yes","500",FALSE,FALSE,FALSE,FALSE,FALSE,FALSE,TRUE,TRUE,TRUE,TRUE,FALSE,FALSE,"n/a",2,1,"a","n/a","Yes","No","b","96","Brick and mortar","a","n/a",5,5,5,5,5,2,9,3,4
"7/26/2019","Yes","Yes","n/a","M172","a",10,1,0.5,2,5,"n/a","Yes",24,"Male","a","b",FALSE,TRUE,FALSE,TRUE,TRUE,TRUE,FALSE,FALSE,FALSE,"n/a",30,"No","1/1/2016","No",FALSE,FALSE,TRUE,"n/a","n/a","n/a","n/a","180",100,0,"n/a","n/a","150","n/a","n/a","n/a","n/a","999",TRUE,FALSE,FALSE,FALSE,"No","n/a","No","n/a",FALSE,FALSE,FALSE,FALSE,FALSE,FALSE,FALSE,FALSE,FALSE,FALSE,TRUE,FALSE,"n/a",1,999,"c","n/a","No","Yes","b","c","n/a","b","n/a",3,5,5,5,3,1,1,4,4
"7/26/2019","Yes","Yes","n/a","M173","b",5,0,1,1,1,"n/a","n/a",42,"Male","a","c",FALSE,FALSE,FALSE,FALSE,FALSE,FALSE,TRUE,FALSE,FALSE,"n/a",60,"Yes","1/1/2013","No",TRUE,TRUE,TRUE,"50","75","15","20","10",80,20,"250","200","120","2000","1800","1300","900","500",TRUE,TRUE,TRUE,FALSE,"Yes","45","Yes","1000",FALSE,FALSE,FALSE,FALSE,FALSE,FALSE,FALSE,FALSE,FALSE,FALSE,TRUE,FALSE,"n/a",1,1,"a","n/a","Yes","Yes","b","c","n/a","a","n/a",5,5,5,5,5,2,2,4,4
"7/26/2019","No","n/a","Yes","M174","b",14,0.1,1,2,4,"n/a","Yes",19,"Male","e","b",FALSE,TRUE,FALSE,FALSE,FALSE,TRUE,FALSE,FALSE,FALSE,"n/a",55,"Yes","1/1/2019","No",FALSE,TRUE,TRUE,"n/a","999","n/a","90","30",100,0,"n/a","180","120","n/a","n/a","n/a","n/a","500",TRUE,FALSE,FALSE,FALSE,"No","n/a","No","n/a",FALSE,FALSE,FALSE,FALSE,FALSE,FALSE,FALSE,FALSE,FALSE,FALSE,TRUE,FALSE,"n/a",1,1,"c","n/a","Yes","Yes","a","c","n/a","b","n/a",4,4,4,5,5,1,2,4,4
